CREATE DATABASE  IF NOT EXISTS `harry_potter_zhaox` /*!40100 DEFAULT CHARACTER SET utf8mb4 COLLATE utf8mb4_0900_ai_ci */ /*!80016 DEFAULT ENCRYPTION='N' */;
USE `harry_potter_zhaox`;
-- MySQL dump 10.13  Distrib 8.0.43, for macos15 (arm64)
--
-- Host: 127.0.0.1    Database: harry_potter_zhaox
-- ------------------------------------------------------
-- Server version	9.4.0

/*!40101 SET @OLD_CHARACTER_SET_CLIENT=@@CHARACTER_SET_CLIENT */;
/*!40101 SET @OLD_CHARACTER_SET_RESULTS=@@CHARACTER_SET_RESULTS */;
/*!40101 SET @OLD_COLLATION_CONNECTION=@@COLLATION_CONNECTION */;
/*!50503 SET NAMES utf8 */;
/*!40103 SET @OLD_TIME_ZONE=@@TIME_ZONE */;
/*!40103 SET TIME_ZONE='+00:00' */;
/*!40014 SET @OLD_UNIQUE_CHECKS=@@UNIQUE_CHECKS, UNIQUE_CHECKS=0 */;
/*!40014 SET @OLD_FOREIGN_KEY_CHECKS=@@FOREIGN_KEY_CHECKS, FOREIGN_KEY_CHECKS=0 */;
/*!40101 SET @OLD_SQL_MODE=@@SQL_MODE, SQL_MODE='NO_AUTO_VALUE_ON_ZERO' */;
/*!40111 SET @OLD_SQL_NOTES=@@SQL_NOTES, SQL_NOTES=0 */;

--
-- Table structure for table `book`
--

DROP TABLE IF EXISTS `book`;
/*!40101 SET @saved_cs_client     = @@character_set_client */;
/*!50503 SET character_set_client = utf8mb4 */;
CREATE TABLE `book` (
  `book_number` int NOT NULL,
  `title` varchar(256) NOT NULL,
  `author` varchar(64) NOT NULL,
  `start_year` year NOT NULL,
  `ending_year` year NOT NULL,
  `publication_date` date NOT NULL,
  `publication_country` varchar(16) NOT NULL,
  `cover_artist` varchar(256) NOT NULL,
  `cover_url` varchar(512) NOT NULL,
  PRIMARY KEY (`book_number`),
  UNIQUE KEY `title` (`title`)
) ENGINE=InnoDB DEFAULT CHARSET=utf8mb4 COLLATE=utf8mb4_0900_ai_ci;
/*!40101 SET character_set_client = @saved_cs_client */;

--
-- Dumping data for table `book`
--

LOCK TABLES `book` WRITE;
/*!40000 ALTER TABLE `book` DISABLE KEYS */;
INSERT INTO `book` VALUES (1,'Harry Potter and the Philosopher\'s Stone','J.K. Rowling',1991,1992,'1997-06-26','UK','Thomas Taylor','https://res.cloudinary.com/the-harry-potter-database/image/upload/c_fill,h_390,w_250/v1590249796/Harry_Potter_1_-_Harry_Potter_and_the_Philosophers_Stone_-_Thomas_Taylor_tkuvuf.jpg'),(2,'Harry Potter and the Chamber of Secrets','J.K. Rowling',1992,1993,'1998-07-02','UK','Cliff Wright','https://res.cloudinary.com/the-harry-potter-database/image/upload/c_fill,h_390,w_250/v1590249801/Harry_Potter_2_-_Harry_Potter_and_the_Chamber_of_Secrets_-_Cliff_Wright_rkruh4.jpg'),(3,'Harry Potter and Prisoner of Azkaban','J.K. Rowling',1993,1994,'1999-07-08','UK','Cliff Wright','https://res.cloudinary.com/the-harry-potter-database/image/upload/c_fill,h_390,w_250/v1590249805/Harry_Potter_3_-_Harry_Potter_and_the_Prisoner_of_Azkaban_-_Cliff_Wright.jpg_ti6wxh.jpg'),(4,'Harry Potter and the Goblet of Fire','J.K. Rowling',1994,1995,'2000-07-08','UK','Giles Greenfield','https://res.cloudinary.com/the-harry-potter-database/image/upload/c_fill,h_390,w_250/v1590249790/Harry_Potter_4_-_Harry_Potter_and_the_Goblet_of_Fire_-_Giles_Greenfield_lb38dj.jpg'),(5,'Harry Potter and the Order of the Phoenix','J.K. Rowling',1995,1996,'2003-06-21','UK','Jason Cockcroft','https://res.cloudinary.com/the-harry-potter-database/image/upload/c_fill,h_390,w_250/v1590249804/Harry_Potter_5_-_Harry_Potter_and_the_Order_of_the_Phoenix_-_Jason_Cockcroft_d9pkq3.jpg'),(6,'Harry Potter and the Half-Blood Prince','J.K. Rowling',1996,1997,'2005-07-16','UK','Jason Cockcroft','https://res.cloudinary.com/the-harry-potter-database/image/upload/c_fill,h_390,w_250/v1590249789/Harry_Potter_6_-_Harry_Potter_and_the_Half-Blood_Prince_-_Jason_Cockcroft_gorgek.jpg'),(7,'Harry Potter and the Deathly Hallows','J.K. Rowling',1997,1998,'2007-07-21','UK','Jason Cockcroft','https://res.cloudinary.com/the-harry-potter-database/image/upload/c_fill,h_390,w_250/v1590249805/Harry_Potter_7_-_Harry_Potter_and_the_Deathly_Hallows_-_Jason_Cockcroft_yex7ar.jpg');
/*!40000 ALTER TABLE `book` ENABLE KEYS */;
UNLOCK TABLES;

--
-- Table structure for table `gender`
--

DROP TABLE IF EXISTS `gender`;
/*!40101 SET @saved_cs_client     = @@character_set_client */;
/*!50503 SET character_set_client = utf8mb4 */;
CREATE TABLE `gender` (
  `gender` varchar(32) NOT NULL,
  PRIMARY KEY (`gender`)
) ENGINE=InnoDB DEFAULT CHARSET=utf8mb4 COLLATE=utf8mb4_0900_ai_ci;
/*!40101 SET character_set_client = @saved_cs_client */;

--
-- Dumping data for table `gender`
--

LOCK TABLES `gender` WRITE;
/*!40000 ALTER TABLE `gender` DISABLE KEYS */;
INSERT INTO `gender` VALUES ('Both'),('Female'),('Female (likely)'),('Male'),('Male (likely)'),('Unknown');
/*!40000 ALTER TABLE `gender` ENABLE KEYS */;
UNLOCK TABLES;

--
-- Table structure for table `hogwart_house`
--

DROP TABLE IF EXISTS `hogwart_house`;
/*!40101 SET @saved_cs_client     = @@character_set_client */;
/*!50503 SET character_set_client = utf8mb4 */;
CREATE TABLE `hogwart_house` (
  `name` varchar(64) NOT NULL,
  PRIMARY KEY (`name`)
) ENGINE=InnoDB DEFAULT CHARSET=utf8mb4 COLLATE=utf8mb4_0900_ai_ci;
/*!40101 SET character_set_client = @saved_cs_client */;

--
-- Dumping data for table `hogwart_house`
--

LOCK TABLES `hogwart_house` WRITE;
/*!40000 ALTER TABLE `hogwart_house` DISABLE KEYS */;
INSERT INTO `hogwart_house` VALUES ('Gryffindor'),('Gryffindor (likely)'),('Gryffindor (possibly)'),('Gryffindor, Hufflepuff, or Slytherin'),('Hufflepuff'),('Hufflepuff (likely)'),('Hufflepuff (possibly)'),('None'),('Ravenclaw'),('Ravenclaw (likely)'),('Ravenclaw (possibly)'),('Slytherin'),('Slytherin (likely)'),('Slytherin (most likely)'),('Slytherin (possibly)'),('Unknown');
/*!40000 ALTER TABLE `hogwart_house` ENABLE KEYS */;
UNLOCK TABLES;

--
-- Table structure for table `patronus`
--

DROP TABLE IF EXISTS `patronus`;
/*!40101 SET @saved_cs_client     = @@character_set_client */;
/*!50503 SET character_set_client = utf8mb4 */;
CREATE TABLE `patronus` (
  `patronus_shape` varchar(128) NOT NULL,
  PRIMARY KEY (`patronus_shape`)
) ENGINE=InnoDB DEFAULT CHARSET=utf8mb4 COLLATE=utf8mb4_0900_ai_ci;
/*!40101 SET character_set_client = @saved_cs_client */;

--
-- Dumping data for table `patronus`
--

LOCK TABLES `patronus` WRITE;
/*!40000 ALTER TABLE `patronus` DISABLE KEYS */;
INSERT INTO `patronus` VALUES ('Boar'),('Cat'),('Doe'),('Fox'),('Goat'),('Hare'),('Horse'),('Jack Rabbit'),('Jack Russell terrier'),('Lynx'),('Magpie'),('Non-corporeal'),('Otter'),('Peacock'),('Persian cat'),('Phoenix'),('Stag'),('Swan'),('Weasel'),('Wolf');
/*!40000 ALTER TABLE `patronus` ENABLE KEYS */;
UNLOCK TABLES;

--
-- Table structure for table `potions`
--

DROP TABLE IF EXISTS `potions`;
/*!40101 SET @saved_cs_client     = @@character_set_client */;
/*!50503 SET character_set_client = utf8mb4 */;
CREATE TABLE `potions` (
  `potion_id` int NOT NULL,
  `name` varchar(128) NOT NULL,
  `description` varchar(512) NOT NULL,
  PRIMARY KEY (`potion_id`),
  UNIQUE KEY `name` (`name`)
) ENGINE=InnoDB DEFAULT CHARSET=utf8mb4 COLLATE=utf8mb4_0900_ai_ci;
/*!40101 SET character_set_client = @saved_cs_client */;

--
-- Dumping data for table `potions`
--

LOCK TABLES `potions` WRITE;
/*!40000 ALTER TABLE `potions` DISABLE KEYS */;
INSERT INTO `potions` VALUES (1,'Ageing Potion','A potion that depending on the amount taken ages the drinker to various ages.'),(2,'Alihotsy Draught','A potion from the Alihotsy plant; causes hysterical laughter.'),(3,'Amortentia','The worlds strongest Love Potion; does not create real love just powerful obsession.'),(4,'Angels Trumpet Draught','Effects and usage of this potion are unknown.'),(5,'Anti-Paralysis Potion','A potion that heals paralysis.'),(6,'Antidote to Common Poisons','A potion that reverses the effects of common poisons. Contains Bezoar Mistletoe Berries and Unicorn Horns.'),(7,'Antidote to Uncommon Poisons','A potion that reverses the effects of uncommon poisons.'),(8,'Antidote to Veritaserum','A potion that removes the effects of Veritaserum.'),(9,'Armadillo Bile Mixture','Unknown'),(10,'Babbling Beverage','A potion that causes uncontrollable speaking of nonsense.'),(11,'Baneberry Potion','A poisonous brew of unknown exact effect.'),(12,'Baruffios Brain Elixir','A potion that apparently increases the takers brain power.'),(13,'Beautification Potion','A potion that makes the taker very beautiful.'),(14,'Befuddlement Draught','A potion that makes the taker confused and reckless.'),(15,'Beguiling Bubbles','A Love Potion sold at Weasleys Wizard Wheezes.'),(16,'Black Fire Potion','A potion that makes the taker able to move through black fire uninjured.'),(17,'Blemish Blitzer','A potion that most likely gets rid of acne.'),(18,'Blood-Replenishing Potion','A potion that replenishes the takers blood if they have been injured and lost blood.'),(19,'Bloodroot Poison','A poisonous potion.'),(20,'Bruise removal paste','A paste invented by Fred and George Weasley to remove bruises.'),(21,'Bulgeye Potion','Presumed to make the takers eyes swell.'),(22,'Bundimun Pomade','A potion that is presumably a hair pomade containing Bundimun secretion.'),(23,'Bundimun Secretion','A magical substance that when diluted is known to be used in some magical cleaning products.'),(24,'Burn-Healing Paste','A thick paste used to heal burns.'),(25,'Burning Bitterroot Balm','Presumably a soothing balsam made from the Bitterroot plant.'),(26,'Calming Draught','A potion that calms the user of shock trauma etc.'),(27,'Caxambu Style Borborygmus Potion','Provokes stomach growling'),(28,'Cheese-Based Potions','Potions whose main ingredients are cheese.'),(29,'Chelidonium Miniscula','The effects of this potion are unknown.'),(30,'Confusing Concoction','A potion that confuses the taker.'),(31,'Cough Potion','A potion that soothes and reduces coughs.'),(32,'Cupid Crystals','A Love Potion sold at Weasleys Wizard Wheezes.'),(33,'Cure for Boils','A potion that cures boils. Seen/Mentioned:Taught to first years in Potions class.'),(34,'Dawdle Draught','Helps the drinker deal with traces.'),(35,'Death potion','Kills those who come into contact with it'),(36,'Death-Cap Draught','Effects of this potion are unknown but it is possibly a poison.'),(37,'Deflating Draught','A potion that deflates anything swollen by magical means.'),(38,'Developing Solution','A potion used in the developing of magical photographs making them move.'),(39,'Dizziness Draught','A potion that makes the taker dizzy and lightheaded.'),(40,'Dogbane Potion','The effects of this potion are unknown but it is possibly poisonous to dogs.'),(41,'Dogbreath Potion','Gives the drinker a fiery breath. Has a purple hue'),(42,'Doxycide','A solution that kills Doxys'),(43,'Dr Ubblys Oblivious Unction','Heals wounds given by thoughts.'),(44,'Dragon Poison','A poisonous potion most likely taken from dragons.'),(45,'Dragon Tonic','A tonic used to heal sickly dragons.'),(46,'Dragon dung fertiliser','A solution that helps plants grow.'),(47,'Draught of Living Death','A potion that places the taker in a state of sleep that makes them seem like they are dead. Seen/Mentioned: Severus Snape asked a question related to this potion to Harry in 1991; Horace Slughorn showed it to 6th years in 1996.'),(48,'Draught of Peace','A potion that relieves anxiety.'),(49,'Dreamless Sleep Potion','A potion that places the taker in a sleep that is dreamless.'),(50,'Drink of Despair','A potion that puts the taker in extreme pain.'),(51,'Drowsiness Draught','Makes drinker drowsy'),(52,'Elixir of Life','A potion created from the Philosophers Stone that extend the takers life. Seen/Mentioned:Hermione Granger told Harry and Ron about this in 1991. Nicolas Flamel and his wife are known to be using it and they lived upto more that 600 years.'),(53,'Elixir to Induce Euphoria','A potion that induces a sense of inexplicable irrational happiness upon the drinker.'),(54,'Erumpent Potion','A potion that is highly explosive when it touches or is touched by an outside source.'),(55,'Everklena','A supposed cleaning product that in reality caused grime to spawn.'),(56,'Essence of Insanity','A potion which presumably causes irrational behaviour possibly inflicting the condition of insanity. Seen/Mentioned:Ronald Weasley and Hermione Granger thought Harry had accidentally consumed it due to his strange behaviour after consuming the Felix Felicis.'),(57,'Everlasting Elixirs','A potion with the effect to either never run out of potion or to work forever.'),(58,'Exploding Potion','A very volatile potion and when completed can be used to create explosions.'),(59,'Exstimulo Potion','Boosts the spell power of the drinker.'),(60,'Fake Protective Potions','A potion that claimed to protect the taker from Dark magic but did not.'),(61,'Fatiguing Infusion','A potion that when either drank or inhaled caused fatigue.'),(62,'Felix Felicis (Also known as Liquid Luck)','A magical potion that makes the taker successful in all their endeavours.'),(63,'Fergus Fungal Budge','A fungicidal product that treated ringworm infections on the feet.'),(64,'Fire Protection Potion','A potion that protects the taker from being burnt.'),(65,'Flesh-Eating Slug Repellent','A pesticide that repels flesh-eating slugs.'),(66,'Forgetfulness Potion','A potion that makes the taker forgetful.'),(67,'Frog Parts Mixture','A packet of potion ingredients that most likely contained frog parts.'),(68,'Fungiface Potion','A potion that makes the takers face break out in fungi.'),(69,'Garrotting Gas','A gas that induces choking and possibly suffocates the taker.'),(70,'Girding Potion','A potion that gives the taker extra endurance.'),(71,'Grand Pepperup Potion','A stronger version of Pepperup Potion.'),(72,'Grand Wiggenweld Potion','Most likely a stronger version of Wiggenweld Potion.'),(73,'Gregorys Unctuous Unction','A potion that causes the drinker to believe that whomever gave the potion to them is their best friend.'),(74,'Hair-Raising Potion','A potion that causes the takers hair to stand on end.'),(75,'Hate Potion','A potion that shows the takers worst traits and habits.'),(76,'Heartbreak Teardrops','A potion sold by Fred and George Weasley at Weasleys Wizard Wheezes.'),(77,'Herbicide Potion','A potion that either kills or damages plants. Contains Flobberworm mucus Horclump juice and Spines of lionfish. Seen/Mentioned: Magical Drafts and Potions by Arsenius Jiggles.'),(78,'Hiccoughing Solution','A potion that most likely cures hiccups.'),(79,'Invigoration Draught','A potion that is presumed to give the taker an energy boost.'),(80,'Invisibility Potion','A potion that makes the taker invisible.'),(81,'Jawbind Potion','A potion that induces lockjaw'),(82,'Kissing Concoction','A potion created by Fred and George Weasley sold at Weasleys Wizard Wheezes.'),(83,'Laugh-inducing Potion','A potion that makes the taker laugh uncontrollably.'),(84,'Laxative Potion','A potion that is most likely a laxative.'),(85,'Love Potion','Any of a large number of potions that make the taker fall in love with the person that has given it to them.'),(86,'Love Potion Antidote','Antidote to love potions.'),(87,'Lung Clearing Potion','A potion whose effects are unknown; most likely cures the taker of lung infections.'),(88,'Magi-Me-More','Magical pills that allegedly allow the regaining power and concentration that some elderly wizards lose over the years.'),(89,'Madame Glossys Silver Polish','A magical cleaning solution.'),(90,'Malevolent Mixture','A potion that is most likely a poison or produces other bad effects.'),(91,'Mandrake Restorative Draught','A potion made from Mandrakes that restores a person that has been petrified to their original state.'),(92,'Manegro Potion','Causes hair on drinkers head to grow out rapidly'),(93,'Maximum Turbo Farts Potion','resumably causes the drinker to rapidly develop flatulence'),(94,'Memory Potion','Enhances the drinkers memory'),(95,'Moonseed Poison','A poison made with moonseed'),(96,'Mopsus Potion','presumably gives one Seer-like power possibly the ability to manipulate objects telekinetically.'),(97,'Mouth Itching Antidote','Cures Mouth Itching (possibly)'),(98,'Muffling Draught','A potion most likely used to silence people and/or various objects'),(99,'Mrs Scowers All-Purpose Magical Mess Remover','Removes stains'),(100,'Murtlap Essence','Soothes and heals painful cuts and abrasions'),(101,'Noxious Potion','Releases green clouds of smoke when completed. Exact effects are unknown but it is possibly used as a poison.'),(102,'Oculus Potion','Restores the drinkers sight Counteracts the Conjunctivitis Curse'),(103,'Pepperup Potion','Relieves and/or cures cold symptoms. Seen/Mentioned: Madam Pomfrey uses it on students in 1992.'),(104,'Poison Antidote',''),(105,'Polyjuice Potion','Temporarily transforms the drinker into another person. The drinker will take on the appearance of the person whose hair fingernails etc. are added to the potion. Not to be used for transforming into an animal. Seen/Mentioned: In 1992 used by Harry and Ron to enter Slytherin common Room; Severus Snape thought Harry was stealing his ingredients to make a polyjuice potion; Used multiple times in 1997 and 1998.'),(106,'Pompion Potion','Temporarily turns the drinkers head into a pumpkin'),(107,'Potion N. 220',''),(108,'Potion No. 07','Experimental mix Poisonous'),(109,'Potion No. 113','Most likely an experimental mix'),(110,'Potion No. 86','Highly poisonous'),(111,'Potion No. 329',''),(112,'Quodpot solution','Prevents the Quod from exploding.'),(113,'Rano Potion',''),(114,'Rat Spleen Mixture',''),(115,'Rat tonic','Healing potion for rats.'),(116,'Regeneration Potion','Helps restore non-corporeal wizards to their bodies.'),(117,'Regerminating Potion','Forces the germination of a plant'),(118,'Replenishing Potion','A potion used to replenish'),(119,'Restoration Potion','Reverts spell effects.'),(120,'Revive Potion','Awakens an unconscious person'),(121,'Rudimentary Body Potion','Helps restore non-corporeal wizards to a rudimentary bodies/sustains rudimentary bodies'),(122,'Scintillation Solution','Unknown effect'),(123,'Screaming Snakes Hair Potion','A kind of hair potion the exact effects of which are unknown'),(124,'Shrinking Solution','Causes the drinker to shrink'),(125,'Skele-Gro','Regrows missing bones'),(126,'Sleekeazys Hair Potion','Makes hair more manageable'),(127,'Sleeping Draught','Made the drinker quickly fall into a deep but temporary sleep'),(128,'Snuffling Potion','Causes the drinker to sniff (possibly)'),(129,'Solution 078',''),(130,'Solution 125',''),(131,'Star Grass Salve','Healing potion for soothing injuries'),(132,'Strength Potion','Gives drinker increased strength It may be related to the Strengthening Solution].'),(133,'Strengthening Solution','Presumably increases the strength of the one who drinks it It may be related to the Strength Potion.'),(134,'Strong Exstimulo Potion','More powerful version of the Exstimulo Potion which significantly boosts the spell power of the drinker.'),(135,'Strong Invigoration Draught','More powerful version of the Invigoration Draught.'),(136,'Swelling Solution','Causes enlargement on contact'),(137,'Ten-Second Pimple Vanisher','Treats acne'),(138,'Thick golden potion','Healing curse quarantining. Was used by Professor Severus Snape in the summer of 1996 to treat the effects that the curse on the Ring Horcrux had on Albus Dumbledore.'),(139,'Truth Serum','Makes the drinker tell the truth'),(140,'Twilight Moonbeams','Causes the drinker to become infatuated with the giver of the potion'),(141,'Venomous Tentacula Juice','Acts like a (non-fatal) poison.'),(142,'Veritaserum','Forces the taker to tell the truth.'),(143,'Vitamix Potion','Gives energy to the drinker'),(144,'Volubilis Potion','Alters the drinkers voice'),(145,'Weakness Potion','Weakens the drinker'),(146,'Weedosoros','Poison'),(147,'Wideye Potion','Prevents the drinker from falling asleep. Also awakens from drugging or concussion.'),(148,'Wiggenweld Potion','Cures minor damage Awakens a person from magically-induced sleep (and hence can cure Draught of Living Death).'),(149,'Wit-Sharpening Potion','Presumably enhances the clarity of thought of the drinker'),(150,'Wolfsbane Potion','Eases the symptoms of lycanthropy; prevents werewolves from losing their minds post-transformation.');
/*!40000 ALTER TABLE `potions` ENABLE KEYS */;
UNLOCK TABLES;

--
-- Table structure for table `role_in_book`
--

DROP TABLE IF EXISTS `role_in_book`;
/*!40101 SET @saved_cs_client     = @@character_set_client */;
/*!50503 SET character_set_client = utf8mb4 */;
CREATE TABLE `role_in_book` (
  `role_id` int NOT NULL,
  `book_id` int NOT NULL,
  PRIMARY KEY (`role_id`,`book_id`),
  KEY `book_id` (`book_id`),
  CONSTRAINT `role_in_book_ibfk_1` FOREIGN KEY (`role_id`) REFERENCES `role_trimmed` (`id`) ON DELETE CASCADE ON UPDATE CASCADE,
  CONSTRAINT `role_in_book_ibfk_2` FOREIGN KEY (`book_id`) REFERENCES `book` (`book_number`) ON DELETE CASCADE ON UPDATE CASCADE
) ENGINE=InnoDB DEFAULT CHARSET=utf8mb4 COLLATE=utf8mb4_0900_ai_ci;
/*!40101 SET character_set_client = @saved_cs_client */;

--
-- Dumping data for table `role_in_book`
--

LOCK TABLES `role_in_book` WRITE;
/*!40000 ALTER TABLE `role_in_book` DISABLE KEYS */;
INSERT INTO `role_in_book` VALUES (3,1),(5,1),(8,1),(10,1),(25,1),(28,1),(42,1),(44,1),(50,1),(51,1),(52,1),(59,1),(60,1),(62,1),(91,1),(111,1),(115,1),(133,1),(134,1),(137,1),(138,1),(141,1),(144,1),(145,1),(147,1),(150,1),(151,1),(153,1),(154,1),(155,1),(156,1),(159,1),(160,1),(162,1),(168,1),(180,1),(183,1),(186,1),(187,1),(191,1),(193,1),(195,1),(197,1),(198,1),(199,1),(201,1),(202,1),(205,1),(211,1),(213,1),(215,1),(217,1),(223,1),(225,1),(234,1),(252,1),(254,1),(265,1),(267,1),(268,1),(275,1),(277,1),(279,1),(286,1),(289,1),(290,1),(296,1),(303,1),(309,1),(312,1),(322,1),(325,1),(326,1),(327,1),(331,1),(333,1),(339,1),(340,1),(342,1),(343,1),(345,1),(350,1),(356,1),(357,1),(361,1),(367,1),(372,1),(382,1),(388,1),(389,1),(390,1),(391,1),(397,1),(404,1),(409,1),(410,1),(451,1),(454,1),(455,1),(458,1),(468,1),(469,1),(471,1),(472,1),(473,1),(475,1),(476,1),(477,1),(488,1),(489,1),(493,1),(496,1),(498,1),(503,1),(505,1),(507,1),(513,1),(516,1),(520,1),(521,1),(523,1),(535,1),(537,1),(541,1),(557,1),(558,1),(559,1),(562,1),(563,1),(565,1),(567,1),(569,1),(571,1),(572,1),(585,1),(587,1),(588,1),(595,1),(597,1),(600,1),(606,1),(608,1),(610,1),(624,1),(628,1),(634,1),(635,1),(644,1),(645,1),(653,1),(662,1),(663,1),(666,1),(668,1),(669,1),(670,1),(674,1),(675,1),(676,1),(678,1),(680,1),(688,1),(697,1),(708,1),(709,1),(710,1),(723,1),(724,1),(743,1),(744,1),(753,1),(756,1),(11,2),(14,2),(21,2),(42,2),(52,2),(62,2),(64,2),(66,2),(72,2),(77,2),(91,2),(92,2),(94,2),(110,2),(121,2),(123,2),(133,2),(134,2),(139,2),(144,2),(145,2),(146,2),(147,2),(150,2),(151,2),(154,2),(157,2),(158,2),(159,2),(160,2),(162,2),(168,2),(170,2),(172,2),(186,2),(187,2),(202,2),(205,2),(209,2),(211,2),(225,2),(234,2),(250,2),(254,2),(262,2),(267,2),(268,2),(272,2),(273,2),(277,2),(279,2),(280,2),(287,2),(294,2),(309,2),(311,2),(312,2),(326,2),(327,2),(338,2),(340,2),(345,2),(350,2),(351,2),(378,2),(382,2),(397,2),(459,2),(462,2),(467,2),(469,2),(471,2),(472,2),(473,2),(475,2),(476,2),(477,2),(488,2),(498,2),(504,2),(506,2),(507,2),(521,2),(523,2),(527,2),(536,2),(559,2),(565,2),(566,2),(570,2),(580,2),(583,2),(585,2),(587,2),(588,2),(590,2),(593,2),(595,2),(600,2),(601,2),(602,2),(605,2),(608,2),(610,2),(618,2),(624,2),(639,2),(640,2),(644,2),(655,2),(661,2),(662,2),(663,2),(669,2),(674,2),(676,2),(680,2),(684,2),(689,2),(692,2),(699,2),(700,2),(701,2),(706,2),(708,2),(710,2),(723,2),(735,2),(739,2),(740,2),(741,2),(743,2),(744,2),(756,2),(37,3),(38,3),(40,3),(41,3),(42,3),(50,3),(51,3),(57,3),(68,3),(69,3),(71,3),(73,3),(86,3),(91,3),(92,3),(98,3),(105,3),(112,3),(113,3),(117,3),(122,3),(123,3),(126,3),(133,3),(134,3),(139,3),(144,3),(150,3),(154,3),(159,3),(160,3),(163,3),(165,3),(167,3),(168,3),(176,3),(186,3),(187,3),(194,3),(203,3),(205,3),(211,3),(225,3),(230,3),(231,3),(250,3),(254,3),(257,3),(258,3),(262,3),(263,3),(267,3),(268,3),(270,3),(279,3),(283,3),(304,3),(309,3),(312,3),(319,3),(326,3),(327,3),(329,3),(340,3),(345,3),(350,3),(352,3),(373,3),(382,3),(396,3),(397,3),(402,3),(404,3),(409,3),(458,3),(463,3),(469,3),(471,3),(472,3),(473,3),(475,3),(476,3),(477,3),(488,3),(498,3),(503,3),(507,3),(521,3),(522,3),(533,3),(536,3),(558,3),(559,3),(565,3),(568,3),(575,3),(584,3),(587,3),(588,3),(595,3),(600,3),(604,3),(605,3),(608,3),(609,3),(610,3),(615,3),(624,3),(632,3),(635,3),(637,3),(644,3),(662,3),(663,3),(666,3),(669,3),(671,3),(672,3),(676,3),(680,3),(698,3),(700,3),(708,3),(710,3),(714,3),(721,3),(723,3),(726,3),(728,3),(732,3),(743,3),(744,3),(748,3),(756,3),(2,4),(18,4),(19,4),(20,4),(22,4),(23,4),(24,4),(26,4),(29,4),(30,4),(42,4),(50,4),(52,4),(55,4),(65,4),(66,4),(69,4),(70,4),(71,4),(73,4),(81,4),(87,4),(90,4),(91,4),(92,4),(93,4),(97,4),(98,4),(99,4),(100,4),(101,4),(102,4),(105,4),(116,4),(117,4),(119,4),(123,4),(125,4),(127,4),(130,4),(131,4),(133,4),(134,4),(139,4),(144,4),(145,4),(146,4),(147,4),(150,4),(151,4),(154,4),(158,4),(160,4),(161,4),(162,4),(168,4),(185,4),(186,4),(188,4),(192,4),(204,4),(205,4),(211,4),(219,4),(222,4),(224,4),(225,4),(227,4),(228,4),(232,4),(233,4),(237,4),(239,4),(243,4),(244,4),(245,4),(246,4),(247,4),(250,4),(253,4),(254,4),(255,4),(258,4),(260,4),(262,4),(263,4),(267,4),(268,4),(270,4),(274,4),(277,4),(279,4),(281,4),(285,4),(288,4),(295,4),(297,4),(298,4),(302,4),(303,4),(306,4),(308,4),(309,4),(311,4),(312,4),(319,4),(321,4),(323,4),(326,4),(327,4),(336,4),(337,4),(344,4),(345,4),(349,4),(350,4),(351,4),(354,4),(355,4),(358,4),(360,4),(364,4),(368,4),(373,4),(382,4),(384,4),(387,4),(397,4),(400,4),(407,4),(408,4),(409,4),(411,4),(450,4),(456,4),(457,4),(460,4),(463,4),(469,4),(471,4),(472,4),(473,4),(475,4),(476,4),(477,4),(479,4),(483,4),(485,4),(486,4),(487,4),(488,4),(495,4),(498,4),(500,4),(507,4),(518,4),(519,4),(521,4),(533,4),(542,4),(545,4),(546,4),(547,4),(548,4),(550,4),(551,4),(553,4),(556,4),(559,4),(565,4),(566,4),(569,4),(571,4),(573,4),(574,4),(576,4),(578,4),(585,4),(587,4),(591,4),(595,4),(602,4),(605,4),(607,4),(609,4),(610,4),(613,4),(614,4),(617,4),(620,4),(622,4),(623,4),(624,4),(625,4),(629,4),(630,4),(631,4),(634,4),(641,4),(642,4),(643,4),(644,4),(645,4),(649,4),(654,4),(656,4),(657,4),(660,4),(662,4),(663,4),(664,4),(666,4),(668,4),(669,4),(672,4),(674,4),(676,4),(677,4),(680,4),(687,4),(689,4),(691,4),(692,4),(693,4),(694,4),(695,4),(698,4),(699,4),(700,4),(701,4),(705,4),(708,4),(710,4),(717,4),(721,4),(723,4),(725,4),(730,4),(732,4),(734,4),(740,4),(743,4),(744,4),(749,4),(750,4),(751,4),(752,4),(756,4),(4,5),(11,5),(18,5),(23,5),(25,5),(27,5),(28,5),(37,5),(42,5),(45,5),(46,5),(47,5),(48,5),(49,5),(50,5),(51,5),(52,5),(53,5),(54,5),(55,5),(57,5),(58,5),(60,5),(61,5),(62,5),(69,5),(71,5),(73,5),(75,5),(83,5),(84,5),(89,5),(90,5),(91,5),(92,5),(93,5),(98,5),(99,5),(100,5),(105,5),(106,5),(107,5),(111,5),(113,5),(115,5),(117,5),(120,5),(121,5),(123,5),(124,5),(125,5),(131,5),(133,5),(134,5),(135,5),(140,5),(142,5),(144,5),(145,5),(147,5),(148,5),(150,5),(151,5),(154,5),(155,5),(158,5),(160,5),(164,5),(168,5),(178,5),(179,5),(180,5),(186,5),(187,5),(189,5),(190,5),(193,5),(200,5),(202,5),(204,5),(205,5),(208,5),(211,5),(214,5),(216,5),(217,5),(218,5),(220,5),(221,5),(225,5),(226,5),(228,5),(229,5),(235,5),(236,5),(239,5),(240,5),(243,5),(244,5),(249,5),(250,5),(251,5),(252,5),(253,5),(254,5),(255,5),(258,5),(262,5),(263,5),(264,5),(265,5),(267,5),(268,5),(270,5),(279,5),(282,5),(283,5),(285,5),(290,5),(293,5),(295,5),(296,5),(301,5),(309,5),(311,5),(312,5),(319,5),(320,5),(322,5),(325,5),(326,5),(327,5),(329,5),(330,5),(331,5),(332,5),(333,5),(340,5),(341,5),(345,5),(346,5),(347,5),(350,5),(351,5),(352,5),(357,5),(358,5),(364,5),(369,5),(371,5),(373,5),(374,5),(375,5),(376,5),(379,5),(381,5),(382,5),(383,5),(393,5),(394,5),(397,5),(399,5),(403,5),(405,5),(406,5),(408,5),(409,5),(463,5),(469,5),(471,5),(472,5),(473,5),(475,5),(476,5),(477,5),(480,5),(481,5),(482,5),(484,5),(488,5),(494,5),(498,5),(499,5),(502,5),(507,5),(510,5),(511,5),(512,5),(514,5),(515,5),(516,5),(519,5),(521,5),(523,5),(533,5),(534,5),(539,5),(543,5),(547,5),(548,5),(549,5),(552,5),(558,5),(559,5),(560,5),(561,5),(565,5),(569,5),(571,5),(576,5),(577,5),(586,5),(587,5),(588,5),(589,5),(591,5),(592,5),(593,5),(594,5),(595,5),(600,5),(601,5),(605,5),(608,5),(609,5),(610,5),(612,5),(616,5),(619,5),(622,5),(623,5),(624,5),(625,5),(626,5),(634,5),(635,5),(636,5),(637,5),(641,5),(644,5),(645,5),(646,5),(649,5),(650,5),(660,5),(662,5),(663,5),(664,5),(666,5),(668,5),(669,5),(674,5),(675,5),(676,5),(678,5),(680,5),(681,5),(683,5),(685,5),(686,5),(689,5),(692,5),(700,5),(701,5),(703,5),(708,5),(710,5),(711,5),(712,5),(713,5),(715,5),(716,5),(718,5),(719,5),(720,5),(721,5),(722,5),(723,5),(727,5),(729,5),(732,5),(743,5),(744,5),(747,5),(749,5),(755,5),(756,5),(11,6),(15,6),(16,6),(17,6),(18,6),(27,6),(32,6),(33,6),(34,6),(35,6),(36,6),(43,6),(48,6),(49,6),(50,6),(61,6),(62,6),(63,6),(64,6),(67,6),(70,6),(71,6),(72,6),(74,6),(76,6),(82,6),(85,6),(88,6),(89,6),(91,6),(92,6),(93,6),(96,6),(98,6),(99,6),(100,6),(103,6),(104,6),(106,6),(117,6),(121,6),(123,6),(125,6),(131,6),(133,6),(134,6),(142,6),(144,6),(145,6),(147,6),(149,6),(150,6),(154,6),(155,6),(158,6),(160,6),(163,6),(165,6),(168,6),(169,6),(170,6),(171,6),(173,6),(186,6),(189,6),(194,6),(204,6),(205,6),(206,6),(207,6),(212,6),(225,6),(228,6),(236,6),(239,6),(242,6),(250,6),(253,6),(254,6),(255,6),(257,6),(258,6),(261,6),(262,6),(266,6),(267,6),(268,6),(270,6),(272,6),(276,6),(278,6),(279,6),(283,6),(284,6),(285,6),(292,6),(295,6),(296,6),(299,6),(300,6),(303,6),(305,6),(307,6),(309,6),(310,6),(312,6),(318,6),(319,6),(326,6),(327,6),(329,6),(334,6),(335,6),(345,6),(349,6),(350,6),(351,6),(353,6),(359,6),(362,6),(365,6),(369,6),(371,6),(373,6),(376,6),(377,6),(378,6),(380,6),(381,6),(382,6),(383,6),(385,6),(397,6),(401,6),(404,6),(408,6),(409,6),(449,6),(452,6),(453,6),(460,6),(469,6),(471,6),(472,6),(473,6),(475,6),(476,6),(477,6),(478,6),(488,6),(490,6),(492,6),(493,6),(497,6),(498,6),(507,6),(508,6),(509,6),(515,6),(516,6),(519,6),(521,6),(524,6),(526,6),(532,6),(533,6),(538,6),(547,6),(548,6),(559,6),(561,6),(565,6),(569,6),(571,6),(575,6),(587,6),(591,6),(595,6),(599,6),(600,6),(605,6),(608,6),(609,6),(610,6),(611,6),(621,6),(622,6),(623,6),(624,6),(625,6),(634,6),(635,6),(638,6),(641,6),(644,6),(647,6),(648,6),(649,6),(651,6),(652,6),(657,6),(658,6),(660,6),(663,6),(665,6),(666,6),(667,6),(668,6),(669,6),(672,6),(674,6),(676,6),(680,6),(682,6),(683,6),(685,6),(688,6),(691,6),(692,6),(694,6),(696,6),(698,6),(700,6),(707,6),(708,6),(710,6),(715,6),(719,6),(720,6),(721,6),(723,6),(727,6),(729,6),(730,6),(731,6),(732,6),(733,6),(734,6),(739,6),(740,6),(743,6),(744,6),(749,6),(754,6),(756,6),(6,7),(7,7),(9,7),(11,7),(12,7),(13,7),(18,7),(25,7),(31,7),(39,7),(40,7),(42,7),(48,7),(49,7),(50,7),(52,7),(56,7),(62,7),(64,7),(71,7),(72,7),(73,7),(76,7),(78,7),(79,7),(80,7),(82,7),(89,7),(90,7),(91,7),(92,7),(95,7),(96,7),(98,7),(100,7),(105,7),(106,7),(108,7),(109,7),(110,7),(114,7),(115,7),(117,7),(118,7),(121,7),(123,7),(124,7),(125,7),(128,7),(129,7),(131,7),(132,7),(133,7),(134,7),(136,7),(138,7),(141,7),(143,7),(144,7),(145,7),(146,7),(147,7),(150,7),(152,7),(154,7),(155,7),(156,7),(158,7),(160,7),(163,7),(164,7),(166,7),(168,7),(170,7),(171,7),(175,7),(177,7),(178,7),(182,7),(184,7),(186,7),(187,7),(189,7),(192,7),(194,7),(195,7),(196,7),(198,7),(202,7),(205,7),(210,7),(225,7),(228,7),(236,7),(238,7),(239,7),(241,7),(244,7),(248,7),(253,7),(254,7),(255,7),(256,7),(258,7),(259,7),(262,7),(263,7),(264,7),(267,7),(268,7),(269,7),(270,7),(271,7),(272,7),(277,7),(279,7),(285,7),(291,7),(299,7),(300,7),(303,7),(307,7),(309,7),(311,7),(312,7),(313,7),(314,7),(315,7),(316,7),(317,7),(319,7),(324,7),(325,7),(326,7),(327,7),(328,7),(331,7),(345,7),(348,7),(350,7),(357,7),(358,7),(362,7),(363,7),(366,7),(369,7),(370,7),(371,7),(373,7),(377,7),(378,7),(381,7),(382,7),(383,7),(386,7),(392,7),(395,7),(397,7),(398,7),(399,7),(404,7),(405,7),(407,7),(458,7),(464,7),(465,7),(467,7),(469,7),(470,7),(471,7),(472,7),(473,7),(474,7),(475,7),(476,7),(477,7),(488,7),(491,7),(492,7),(498,7),(501,7),(503,7),(507,7),(512,7),(517,7),(519,7),(521,7),(525,7),(526,7),(528,7),(529,7),(530,7),(531,7),(533,7),(536,7),(540,7),(544,7),(545,7),(546,7),(547,7),(548,7),(549,7),(554,7),(555,7),(559,7),(563,7),(565,7),(579,7),(587,7),(588,7),(594,7),(595,7),(601,7),(604,7),(605,7),(609,7),(610,7),(611,7),(612,7),(622,7),(623,7),(624,7),(625,7),(626,7),(627,7),(633,7),(634,7),(635,7),(644,7),(645,7),(658,7),(659,7),(660,7),(662,7),(663,7),(666,7),(668,7),(669,7),(672,7),(673,7),(676,7),(679,7),(680,7),(683,7),(685,7),(688,7),(689,7),(690,7),(692,7),(700,7),(704,7),(707,7),(708,7),(710,7),(716,7),(718,7),(719,7),(721,7),(723,7),(727,7),(736,7),(737,7),(739,7),(743,7),(744,7),(745,7),(746,7),(749,7),(756,7);
/*!40000 ALTER TABLE `role_in_book` ENABLE KEYS */;
UNLOCK TABLES;

--
-- Table structure for table `role_to_patronus`
--

DROP TABLE IF EXISTS `role_to_patronus`;
/*!40101 SET @saved_cs_client     = @@character_set_client */;
/*!50503 SET character_set_client = utf8mb4 */;
CREATE TABLE `role_to_patronus` (
  `role_id` int NOT NULL,
  `patronus` varchar(128) NOT NULL,
  PRIMARY KEY (`role_id`,`patronus`),
  KEY `patronus` (`patronus`),
  CONSTRAINT `role_to_patronus_ibfk_1` FOREIGN KEY (`role_id`) REFERENCES `role_trimmed` (`id`) ON DELETE CASCADE ON UPDATE CASCADE,
  CONSTRAINT `role_to_patronus_ibfk_2` FOREIGN KEY (`patronus`) REFERENCES `patronus` (`patronus_shape`) ON DELETE CASCADE ON UPDATE CASCADE
) ENGINE=InnoDB DEFAULT CHARSET=utf8mb4 COLLATE=utf8mb4_0900_ai_ci;
/*!40101 SET character_set_client = @saved_cs_client */;

--
-- Dumping data for table `role_to_patronus`
--

LOCK TABLES `role_to_patronus` WRITE;
/*!40000 ALTER TABLE `role_to_patronus` DISABLE KEYS */;
INSERT INTO `role_to_patronus` VALUES (262,'Boar'),(644,'Cat'),(382,'Doe'),(680,'Doe'),(154,'Fox'),(131,'Goat'),(625,'Hare'),(743,'Horse'),(719,'Jack Rabbit'),(476,'Jack Russell terrier'),(371,'Lynx'),(472,'Magpie'),(473,'Magpie'),(49,'Non-corporeal'),(50,'Non-corporeal'),(80,'Non-corporeal'),(89,'Non-corporeal'),(96,'Non-corporeal'),(100,'Non-corporeal'),(115,'Non-corporeal'),(116,'Non-corporeal'),(124,'Non-corporeal'),(127,'Non-corporeal'),(130,'Non-corporeal'),(151,'Non-corporeal'),(158,'Non-corporeal'),(160,'Non-corporeal'),(168,'Non-corporeal'),(178,'Non-corporeal'),(192,'Non-corporeal'),(202,'Non-corporeal'),(250,'Non-corporeal'),(254,'Non-corporeal'),(255,'Non-corporeal'),(285,'Non-corporeal'),(303,'Non-corporeal'),(345,'Non-corporeal'),(363,'Non-corporeal'),(369,'Non-corporeal'),(373,'Non-corporeal'),(377,'Non-corporeal'),(397,'Non-corporeal'),(400,'Non-corporeal'),(404,'Non-corporeal'),(408,'Non-corporeal'),(460,'Non-corporeal'),(471,'Non-corporeal'),(475,'Non-corporeal'),(477,'Non-corporeal'),(498,'Non-corporeal'),(507,'Non-corporeal'),(519,'Non-corporeal'),(521,'Non-corporeal'),(525,'Non-corporeal'),(531,'Non-corporeal'),(536,'Non-corporeal'),(541,'Non-corporeal'),(547,'Non-corporeal'),(591,'Non-corporeal'),(600,'Non-corporeal'),(601,'Non-corporeal'),(605,'Non-corporeal'),(609,'Non-corporeal'),(612,'Non-corporeal'),(635,'Non-corporeal'),(668,'Non-corporeal'),(669,'Non-corporeal'),(674,'Non-corporeal'),(676,'Non-corporeal'),(689,'Non-corporeal'),(698,'Non-corporeal'),(701,'Non-corporeal'),(710,'Non-corporeal'),(721,'Non-corporeal'),(723,'Non-corporeal'),(729,'Non-corporeal'),(732,'Non-corporeal'),(744,'Non-corporeal'),(587,'Otter'),(727,'Persian cat'),(756,'Phoenix'),(326,'Stag'),(327,'Stag'),(533,'Swan'),(469,'Weasel'),(258,'Wolf'),(719,'Wolf');
/*!40000 ALTER TABLE `role_to_patronus` ENABLE KEYS */;
UNLOCK TABLES;

--
-- Table structure for table `role_to_spell`
--

DROP TABLE IF EXISTS `role_to_spell`;
/*!40101 SET @saved_cs_client     = @@character_set_client */;
/*!50503 SET character_set_client = utf8mb4 */;
CREATE TABLE `role_to_spell` (
  `instance_id` int NOT NULL AUTO_INCREMENT,
  `role_id` int DEFAULT NULL,
  `spell_id` int DEFAULT NULL,
  PRIMARY KEY (`instance_id`),
  KEY `role_id` (`role_id`),
  KEY `spell_id` (`spell_id`),
  CONSTRAINT `role_to_spell_ibfk_1` FOREIGN KEY (`role_id`) REFERENCES `role_trimmed` (`id`) ON DELETE CASCADE ON UPDATE CASCADE,
  CONSTRAINT `role_to_spell_ibfk_2` FOREIGN KEY (`spell_id`) REFERENCES `spell` (`id`) ON DELETE CASCADE ON UPDATE CASCADE
) ENGINE=InnoDB AUTO_INCREMENT=512 DEFAULT CHARSET=utf8mb4 COLLATE=utf8mb4_0900_ai_ci;
/*!40101 SET character_set_client = @saved_cs_client */;

--
-- Dumping data for table `role_to_spell`
--

LOCK TABLES `role_to_spell` WRITE;
/*!40000 ALTER TABLE `role_to_spell` DISABLE KEYS */;
INSERT INTO `role_to_spell` VALUES (1,285,182),(2,285,150),(3,285,77),(4,756,281),(5,756,262),(6,756,237),(7,756,235),(8,756,225),(9,756,220),(10,756,217),(11,756,213),(12,756,207),(13,756,195),(14,756,189),(15,756,181),(16,756,176),(17,756,161),(18,756,143),(19,756,109),(20,623,65),(21,708,131),(22,116,235),(23,116,218),(24,116,67),(25,125,97),(26,11,54),(27,12,9),(28,150,167),(29,469,182),(30,469,171),(31,469,155),(32,469,45),(33,99,189),(34,99,150),(35,99,85),(36,99,65),(37,503,283),(38,622,65),(39,37,293),(40,477,198),(41,477,83),(42,54,226),(43,300,226),(44,316,39),(45,117,74),(46,117,41),(47,168,181),(48,168,99),(49,90,285),(50,90,105),(51,90,71),(52,123,145),(53,123,66),(54,727,271),(55,727,174),(56,727,154),(57,727,135),(58,727,123),(59,727,41),(60,727,2),(61,267,302),(62,267,301),(63,267,287),(64,267,277),(65,267,260),(66,267,256),(67,267,252),(68,267,241),(69,267,212),(70,267,175),(71,267,162),(72,267,132),(73,267,118),(74,267,101),(75,267,94),(76,267,89),(77,267,68),(78,129,87),(79,133,87),(80,560,135),(81,560,99),(82,144,274),(83,160,253),(84,160,239),(85,160,174),(86,547,202),(87,547,198),(88,547,41),(89,547,4),(90,195,283),(91,473,252),(92,473,220),(93,473,206),(94,473,122),(95,473,32),(96,250,286),(97,250,198),(98,250,96),(99,250,37),(100,250,27),(101,250,5),(102,743,249),(103,743,29),(104,185,121),(105,186,121),(106,198,152),(107,326,304),(108,326,302),(109,326,301),(110,326,299),(111,326,287),(112,326,283),(113,326,281),(114,326,278),(115,326,277),(116,326,270),(117,326,269),(118,326,259),(119,326,256),(120,326,254),(121,326,247),(122,326,241),(123,326,235),(124,326,234),(125,326,230),(126,326,229),(127,326,224),(128,326,216),(129,326,208),(130,326,194),(131,326,191),(132,326,185),(133,326,179),(134,326,175),(135,326,174),(136,326,172),(137,326,166),(138,326,161),(139,326,160),(140,326,140),(141,326,121),(142,326,100),(143,326,95),(144,326,94),(145,326,91),(146,326,88),(147,326,87),(148,326,77),(149,326,74),(150,326,68),(151,326,67),(152,326,58),(153,326,51),(154,326,40),(155,326,38),(156,326,37),(157,326,2),(158,595,249),(159,587,289),(160,587,283),(161,587,269),(162,587,263),(163,587,260),(164,587,247),(165,587,224),(166,587,219),(167,587,216),(168,587,200),(169,587,199),(170,587,198),(171,587,194),(172,587,191),(173,587,187),(174,587,185),(175,587,152),(176,587,143),(177,587,135),(178,587,127),(179,587,123),(180,587,113),(181,587,111),(182,587,99),(183,587,91),(184,587,81),(185,587,69),(186,587,68),(187,587,58),(188,587,55),(189,587,51),(190,587,33),(191,587,26),(192,587,20),(193,587,15),(194,587,7),(195,599,99),(196,377,239),(197,377,237),(198,377,161),(199,377,148),(200,377,99),(201,377,9),(202,371,99),(203,590,280),(204,521,174),(205,242,233),(206,242,203),(207,242,152),(208,242,110),(209,242,65),(210,242,53),(211,625,82),(212,635,292),(213,33,9),(214,561,135),(215,561,99),(216,51,131),(217,644,295),(218,644,271),(219,644,253),(220,644,101),(221,644,73),(222,585,288),(223,585,276),(224,744,304),(225,744,270),(226,744,253),(227,744,247),(228,744,239),(229,744,151),(230,744,2),(231,171,226),(232,171,99),(233,663,286),(234,660,171),(235,660,58),(236,634,290),(237,254,274),(238,254,175),(239,367,293),(240,367,273),(241,367,205),(242,367,195),(243,367,53),(244,367,25),(245,279,280),(246,719,249),(247,719,204),(248,719,174),(249,719,89),(250,299,65),(251,299,41),(252,302,242),(253,641,60),(254,669,230),(255,669,174),(256,309,303),(257,309,167),(258,475,251),(259,312,186),(260,312,138),(261,395,251),(262,710,134),(263,345,40),(264,243,65),(265,80,182),(266,258,303),(267,258,242),(268,258,204),(269,258,138),(270,258,102),(271,258,95),(272,519,289),(273,519,151),(274,244,65),(275,476,295),(276,476,260),(277,476,254),(278,476,102),(279,476,91),(280,476,79),(281,205,246),(282,205,85),(283,378,123),(284,378,76),(285,97,144),(286,382,302),(287,382,301),(288,382,291),(289,382,269),(290,382,252),(291,382,249),(292,382,194),(293,382,191),(294,382,186),(295,382,184),(296,382,183),(297,382,172),(298,382,171),(299,382,154),(300,382,149),(301,382,131),(302,382,113),(303,382,107),(304,382,96),(305,382,59),(306,382,56),(307,50,210),(308,50,186),(309,50,138),(310,50,60),(311,50,59),(312,721,174),(313,391,291),(314,391,290),(315,391,287),(316,391,286),(317,391,280),(318,391,276),(319,391,274),(320,391,273),(321,391,260),(322,391,250),(323,391,249),(324,391,230),(325,391,224),(326,391,220),(327,391,210),(328,391,206),(329,391,203),(330,391,193),(331,391,192),(332,391,191),(333,391,189),(334,391,184),(335,391,183),(336,391,182),(337,391,175),(338,391,174),(339,391,172),(340,391,163),(341,391,154),(342,391,146),(343,391,141),(344,391,100),(345,391,99),(346,391,88),(347,391,87),(348,391,69),(349,391,60),(350,391,59),(351,391,29),(352,362,4),(353,404,291),(354,404,274),(355,404,202),(356,404,175),(357,404,111),(358,404,65),(359,404,54),(360,404,23),(361,411,58),(362,452,88),(363,346,88),(364,239,235),(365,239,26),(366,91,285),(367,91,105),(368,455,162),(369,455,56),(370,455,43),(371,459,139),(372,748,112),(373,482,194),(374,482,99),(375,482,93),(376,749,235),(377,749,218),(378,749,67),(379,255,69),(380,255,31);
/*!40000 ALTER TABLE `role_to_spell` ENABLE KEYS */;
UNLOCK TABLES;
/*!50003 SET @saved_cs_client      = @@character_set_client */ ;
/*!50003 SET @saved_cs_results     = @@character_set_results */ ;
/*!50003 SET @saved_col_connection = @@collation_connection */ ;
/*!50003 SET character_set_client  = utf8mb4 */ ;
/*!50003 SET character_set_results = utf8mb4 */ ;
/*!50003 SET collation_connection  = utf8mb4_0900_ai_ci */ ;
/*!50003 SET @saved_sql_mode       = @@sql_mode */ ;
/*!50003 SET sql_mode              = 'ONLY_FULL_GROUP_BY,STRICT_TRANS_TABLES,NO_ZERO_IN_DATE,NO_ZERO_DATE,ERROR_FOR_DIVISION_BY_ZERO,NO_ENGINE_SUBSTITUTION' */ ;
DELIMITER ;;
/*!50003 CREATE*/ /*!50017 DEFINER=`root`@`localhost`*/ /*!50003 TRIGGER `spell_cnt_update_after_role_to_spell_insert` AFTER INSERT ON `role_to_spell` FOR EACH ROW begin
		declare new_role_name varchar(64);
        
        select name into new_role_name from role_trimmed
            where id = new.role_id;
            
		call set_num_spell_count(new_role_name);
	END */;;
DELIMITER ;
/*!50003 SET sql_mode              = @saved_sql_mode */ ;
/*!50003 SET character_set_client  = @saved_cs_client */ ;
/*!50003 SET character_set_results = @saved_cs_results */ ;
/*!50003 SET collation_connection  = @saved_col_connection */ ;

--
-- Table structure for table `role_trimmed`
--

DROP TABLE IF EXISTS `role_trimmed`;
/*!40101 SET @saved_cs_client     = @@character_set_client */;
/*!50503 SET character_set_client = utf8mb4 */;
CREATE TABLE `role_trimmed` (
  `id` int NOT NULL,
  `name` varchar(64) DEFAULT NULL,
  `birth` varchar(128) DEFAULT NULL,
  `death` varchar(128) DEFAULT NULL,
  `species` varchar(128) DEFAULT NULL,
  `gender` varchar(32) DEFAULT 'Unknown',
  `house` varchar(64) DEFAULT 'Unknown',
  `hair_color` varchar(64) DEFAULT NULL,
  `eye_color` varchar(64) DEFAULT NULL,
  `num_spells` int DEFAULT NULL,
  PRIMARY KEY (`id`),
  UNIQUE KEY `name` (`name`),
  KEY `house` (`house`),
  KEY `gender` (`gender`),
  CONSTRAINT `role_trimmed_ibfk_1` FOREIGN KEY (`house`) REFERENCES `hogwart_house` (`name`) ON DELETE CASCADE ON UPDATE CASCADE,
  CONSTRAINT `role_trimmed_ibfk_2` FOREIGN KEY (`gender`) REFERENCES `gender` (`gender`) ON DELETE CASCADE ON UPDATE CASCADE
) ENGINE=InnoDB DEFAULT CHARSET=utf8mb4 COLLATE=utf8mb4_0900_ai_ci;
/*!40101 SET character_set_client = @saved_cs_client */;

--
-- Dumping data for table `role_trimmed`
--

LOCK TABLES `role_trimmed` WRITE;
/*!40000 ALTER TABLE `role_trimmed` DISABLE KEYS */;
INSERT INTO `role_trimmed` VALUES (1,'Euan Abercrombie','between 1 September 1983 and 31 August 1984','','Human','Male','Gryffindor','','',0),(2,'Stewart Ackerley','between 1 September 1982and 31 August 1983','','Human','Male','Ravenclaw','','',0),(3,'African prince','','','Human','Male','None','','',0),(4,'Agness son','','','Human','Male','None','','',0),(5,'Cornelius Agrippa','1486','1535 (aged 48 - 49)','Human','Male','None','Brown','Green',0),(6,'Albino peacock','Pre 1997','','Peacock','Male','None','','Black',0),(7,'Arkie Alderton','','','Human','Male','None','','',0),(8,'Angus','c. 1980s','','Human','Male','None','Brown','',0),(9,'Antioch Peverells killer','','','Human','Male','None','','',0),(10,'Apothecary shopkeeper','','','Human','Male','None','White','',0),(11,'Aragog','c. 1942','20 April 1997 (aged around 55)','Acromantula','Male','None','Brown','Black & Grey/Milky-White (Blind)',1),(12,'Arcus','','','Human','Male','None','','',1),(13,'Arkie Aldertons alleged son','','','Human','Male','None','','',0),(14,'Armenian warlock','','','Human','Male','None','','',0),(15,'Arnold','c. 1996','','Pygmy Puff','Male','None','Purple','',0),(16,'Bertram Aubrey','c. 1950s - 1960s Great Britain or Ireland','','Human','Male','None','','',0),(17,'Avery I','Between 1926 and 1932','','Human','Male','Slytherin','','',0),(18,'Avery II','Late 1950s or early 1960s Great Britain or Ireland','','Human','Male','Slytherin','','',0),(19,'Archie Aymslowe','','','Human','Male','None','','',0),(20,'Malcolm Baddock','between 1 September 1982 and 31 August 1983','','Human','Male','Slytherin','','',0),(21,'Badgered Boy','1970s - 1980s','','Human','Male','None','Unknown (human)','',0),(22,'Ludovic Bagmans father','','','Human','Male','None','','',0),(23,'Ludovic Bagman','Before 1964 (most likely)','','Human','Male','None','Blond','Baby blue',0),(24,'Otto Bagman','','','Human','Male','None','','',0),(25,'Bane','','','Centaur','Male','None','Black','',0),(26,'Heathcote Barbary','1974','','Human','Male','None','','',0),(27,'Barnabas the Barmy','','','Human','Male','None','Brown','Brown',0),(28,'Baruffio','','','Human','Male','None','','',0),(29,'Ali Bashir','','','Human','Male','None','','',0),(30,'Basil','','','Human','Male','None','Grey','',0),(31,'Beedle the Bard','c. 15th century','','Human','Male','None','','',0),(32,'Damocles Belby','','','Human','Male','None','','',0),(33,'Marcus Belby','between 1 September 1978 and 31 August 1979 Great Britain or Ireland','','Human','Male','Ravenclaw','Brown','Dark',1),(34,'Marcus Belbys father','','','Human','Male','Ravenclaw (likely)','','',0),(35,'Humphrey Belcher','','','Human','Male','None','','',0),(36,'Katie Bells father','','','Human','Male','None','','',0),(37,'Bem','between 1 September 1979 and 31 August 1980','','Human','Male','Gryffindor','Black','Dark',1),(38,'Benjamin Hater','','','','Male (likely)','None','','',0),(39,'Bernie','Before 1980','','Human','Male','None','','',0),(40,'Bilius','','Between 1 March 1980 and September 1993','Human','Male','None','','',0),(41,'Binky','Early 1990s (possibly)','15 October 1993','Rabbit','Male','None','','',0),(42,'Cuthbert Binns','','Pre 1970s Staffroom Hogwarts Castle','Human (formerly)','Male','None','White (balding)','Black',0),(43,'Dennis Bishop','','','Human','Male','None','','',0),(44,'Black Knight','','','Human (formerly)','Male (likely)','None','','',0),(45,'Alphard Black','Between 1925 and 1938; Great Britain','Between 3 November 1976 and 3 November 1977 (aged 38 - 52)','Human','Male','Slytherin','','',0),(46,'Arcturus Black III','1901','1991 (aged 89-90)','Human','Male','Slytherin','','',0),(47,'Orion Black','1929','1979 (aged 49 - 50)','Human','Male','Slytherin','','',0),(48,'Phineas Nigellus Black','1847','1925 (aged 77 - 78)','Human','Male','Slytherin','Black','Dark shrewd and narrow',0),(49,'Regulus Black','1961','1979 (aged 18)','Human','Male','Slytherin','Black','',0),(50,'Sirius Black','3 November 1959','18 June 1996 (aged 36)','Human','Male','Gryffindor','Black','Grey',5),(51,'Miles Bletchley','c. 1977-1979 Great Britain or Ireland','','Human','Male','Slytherin','','',1),(52,'Bloody Baron','Post 982','11th century','Human (formerly)','Male','Slytherin','','',0),(53,'Stubby Boardman','','','Human','Male','None','Dark','',0),(54,'Bob','before 1978','','Human','Male','None','Grey','',1),(55,'Broderick Bode','Between January 1946 and January 1947','Early January 1996','Human','Male','None','','',0),(56,'Bogrod','','1 May 1998','Goblin','Male','None','White','Black',0),(57,'Lucian Bole','beteween 1 September 1976 and 31 August 1977','','Human','Male','Slytherin','Blonde','',0),(58,'Pierre Bonaccord','','','Human','Male','None','','',0),(59,'Amelia Bones father','','prior to 31 October 1981','Human','Male','Hufflepuff (likely)','','',0),(60,'Edgar Bones','','1981','Human','Male','Hufflepuff (possibly)','Reddish-brown','Grey',0),(61,'Mungo Bonham','1560','1659 (aged 98-99)','Human','Male','None','Brown','Brown',0),(62,'Terry Boot','between 1 September 1979 and 21 April 1980','','Human','Male','Ravenclaw','','',0),(63,'Libatius Borage','Pre 1909 South America','','Human','Male','None','','',0),(64,'Borgin','Between Pre-1846 and 1975','','Human','Male','None','','',0),(65,'Boris the Bewildered','','Before 1995','Human','Male','None','Black','',0),(66,'Bozo','','','Human','Male','None','Brown','',0),(67,'Rupert Brookstanton','','','Human','Male','None','','',0),(68,'Lavender Browns father','','','Human','Male','Gryffindor (possibly)','','',0),(69,'Brutus','','','Human','Male','None','','',0),(70,'Frank Bryce','August 1917','16 August 1994 (aged 76)','Human','Male','Slytherin','','',0),(71,'Buckbeak','in or before 1993','','Hippogriff','Male','None','','Orange',0),(72,'Caractacus Burke','In or before 1846','Likely before 1992 (Unconfirmed if dead)','Human','Male','None','','',0),(73,'Cadogan','Middle Ages','Before 1993','Human','Male','Gryffindor','White','',0),(74,'Cadwallader','31 August 1985 or earlier Great Britain or Ireland','','Human','Male','Hufflepuff','','',0),(75,'Eddie Carmichael','Between 1 September 1978 and 31 August 1979 (most likely)','','Human','Male','Ravenclaw','','',0),(76,'Amycus Carrow','Pre 1950s or 1960s','','Human','Male','None','','',0),(77,'Catchpole','','','Human','Male','None','','',0),(78,'Mary Cattermoles father','','','Human','Male','None','','',0),(79,'Alfred Cattermole','c. Between 1987 and 1994 (possibly)','','Human','Male','None','','',0),(80,'Reginald Cattermole','Sun in Libra moon in Virgo','','Human','Male','None','Greyish/Red','Green',1),(81,'Owen Cauldwell','between 1 September 1982 and 31 August 1983 Great Britain or Ireland','','Human','Male','Hufflepuff','','',0),(82,'Ceremony official','','','Human','Male','None','','',0),(83,'Chambers','on or before 31 August 1983 Great Britain or Ireland','','Human','Male','Ravenclaw','','',0),(84,'Cho Changs father','before 1962 (most likely)','','Human','Male','None','','',0),(85,'Herbert Chorley','before 1979 (most likely)','','','Male','None','','',0),(86,'Clive Lundquist','31 August 1982 or earlier','','','Male','Unknown','','',0),(87,'Connolly','','','Human','Male','None','','',0),(88,'Ritchie Coote','Pre 31 August 1984 (most likely)','','Human','Male','Gryffindor','','',0),(89,'Michael Corner','between 1 September 1979 and 31 August 1980','','Human','Male','Ravenclaw','Black','Brown',0),(90,'Crabbe','','','Human','Male','Slytherin (likely)','','',3),(91,'Vincent Crabbe','between 2 September 1979 and 1 September 1980','2 May 1998 (aged 17/18)','Human','Male','Slytherin','','',2),(92,'Colin Creevey','betwen 3 May and 31 August 1981','2 May 1998 (aged 16)','Human','Male','Gryffindor','Mousy','',0),(93,'Dennis Creevey','between 1 September 1982 and 31 August 1983','','Human','Male','Gryffindor','Mousy brown','',0),(94,'Creevey brothers father','Before 1963 (most likely)','','Human','Male','None','','',0),(95,'Cresswell brothers','','','Humans','Male','None','','',0),(96,'Dirk Cresswell','between 1 September 1960 and 31 August 1961','March 1998','Human','Male','None','','',0),(97,'Saul Croaker','','','Human','Male','None','','',1),(98,'Crookshanks','Pre 1993','','Half-Kneazle','Male','None','Ginger','Yellow',0),(99,'Bartemius Crouch Junior','c. 1962','c.1995-1996(aged 33 - 34) (received the Dementors Kiss on 24 June 1995)','Human','Male','None','Straw blonde','',4),(100,'Bartemius Crouch Senior','','27 May 1995','Human','Male','None','Grey formerly Dark','',0),(101,'Bartemius Crouch Snrs grandfather','','Before 1995','Human','Male','None','','',0),(102,'Gideon Crumb','1975','','Human','Male','None','Brown','Blue',0),(103,'Barnabas Cuffe','between 1914 and 1970','','Human','Male','None','','',0),(104,'Hector Dagworth-Granger','','','Human','Male','None','','',0),(105,'Roger Davies','between 1 September 1977 and 31 August 1978 (likely)','','Human','Male','Ravenclaw','Dark','Dark',0),(106,'John Dawlish','Between 1877 and 1975','','Human','Male','None','Grey','',0),(107,'Caradoc Dearborn','','','Human','Male','None','','',0),(108,'Squat wheezy man','','','Human','Male','None','','',0),(109,'Delacour sisters father','','','Human','Male','None','Black','',0),(110,'Patrick Delaney-Podmore','','pre 1993','Ghost','Male','None','White','',0),(111,'Dennis','c. 1980','','Human','Male','None','Black','',0),(112,'Derek','c. 1981-1982','','Human','Male','None','','',0),(113,'Peregrine Derrick','between 1 September 1976 and 31 August 1977 Great Britain or Ireland','','Human','Male','Slytherin','Black','',0),(114,'Barnabas Deverill','17th century (most likely)','','Human','Male','None','','',0),(115,'Dedalus Diggle','Pre 1964','','Human','Male','None','','',0),(116,'Amos Diggory','','','Human','Male','None','Brown','',3),(117,'Cedric Diggory','between 1 September and 30 October 1977','24 June 1995 (aged 17)','Human','Male','Hufflepuff','Dark','Grey',2),(118,'Ivor Dillonsby','','','Human','Male','None','','',0),(119,'Vasily Dimitrov','before 1977 Bulgaria (possibly)','','Human','Male','None','Brown','Green',0),(120,'Harold Dingle','Late 1970s or early 1980s','','Human','Male','None','','',0),(121,'Armando Dippet','October 1637','late 1992 (aged 355)','Human','Male','None','Brown (youth)','Brown',0),(122,'Dishevelled Wizard','Prior to 1993','','Human','Male','None','Grey','',0),(123,'Dobby','28 June unknown year','Late March 1998','House-elf','Male','None','','Green',2),(124,'Elphias Doge','Between 1 September 1880 and 31 August 1881','','Human','Male','None','Silver','Grey/Blue',0),(125,'Antonin Dolohov','pre 1950','','Human','Male','None','Dark','',1),(126,'Double-ended-newt wizard','','','Human','Male','None','','',0),(127,'Dragon keeper','','','Human','Male','None','','',0),(128,'Driving test examiner','c. 1996 or earlier','','Human','Male','None','','',0),(129,'Dudley','','','Human','Male','None','','',1),(130,'Kirley Duke','1971','','Human','Male','None','Black','',0),(131,'Aberforth Dumbledore','between 1 September 1883 and 31 August 1884','','Human','Male','None','Grey','Bright blue',0),(132,'Percival Dumbledore','Before 1864','After 1890','Human','Male','None','','Blue',0),(133,'Dudley Dursley','23 June 1980','','Human','Male','None','Blond','Blue',1),(134,'Vernon Dursley','Pre 1954','','Human','Male','None','Black','',0),(135,'Marietta Edgecombes father','','','Human','Male','None','','',0),(136,'Egbert the Egregious','Middle Ages','Middle Ages','Human','Male','None','','',0),(137,'Elfric the Eager','','','','Unknown','None','','',0),(138,'Emeric the Evil','Middle Ages','Middle Ages','Human','Male','None','','',0),(139,'Errol','Before 1984','','Great grey owl','Male','None','','',0),(140,'Mark Evans','c. 1985','','Human','Male','None','','',0),(141,'Evans sisters father','','Between 1 September 1971 and 31 October 1981','Human','Male','None','','',0),(142,'Everard','','In or before 1995','Human','Male','None','Black','',0),(143,'Fallen Fifty','','2 May 1998','Humans','Both','None','','',0),(144,'Fang','c. 1984','','Boarhound','Male','None','Black','',1),(145,'Fat Friar','10th century','Pre 1988','Human (formerly)','Male','Hufflepuff','Brown','',0),(146,'Father Christmas','','','','Unknown','None','','',0),(147,'Fawkes','Before 1938','Immortal. Dies and is reborn from the ashes. Death dates include:','Phoenix','Male','None','','Black',0),(148,'Benjy Fenwick','','1981','Human','Male','None','','',0),(149,'Fergus','Before 1980','','Human','Male','None','','',0),(150,'Argus Filch','Pre 1951','','Human','Male','None','Grey (balding)','Pale',1),(151,'Justin Finch-Fletchley','between 1 September 1979 and 31 August 1980','','Human','Male','Hufflepuff','Red','',0),(152,'Barnabus Finkley','','','Human','Male','None','','',0),(153,'Seamus Finnigans father','','','Human','Male','None','','',0),(154,'Seamus Finnigan','between 1 September 1979 and 31 August 1980','','Human','Male','Gryffindor','Sandy','',0),(155,'Firenze','','','Centaur','Male','None','White-blond','Astonishingly blue',0),(156,'Nicolas Flamel','Between 1300 and 1326','Between 1992 and 1996 (aged between 665 and 696)','Human','Male','None','White','Dark',0),(157,'Angus Fleet','','','Human','Male','None','','',0),(158,'Mundungus Fletcher','Before 1962 Great Britain or Ireland','','Human','Male','Unknown','Ginger','Brown',0),(159,'Marcus Flint','between 1 September 1975 and 31 August 1976','','Human','Male','Slytherin','','',0),(160,'Filius Flitwick','17 October 1958 or earlier','','Human (Goblin ancestry)','Male','Ravenclaw','White','',3),(161,'Florences boyfriend','1950s - 1960s Great Britain or Ireland','','Human','Male','None','','',0),(162,'Fluffy','Pre 1991','','Three-headed dog','Male','None','Brown','Brown',0),(163,'Ambrosius Flume','between 1914 and 1970','','Human','Male','None','Bald','',0),(164,'Dexter Fortescue','','After 1707 and before 1995','Human','Male','None','','',0),(165,'Florean Fortescue','','1996','Human','Male','None','','',0),(166,'Foul-smelling Snatcher','Before 1981','','Part-troll human (possibly)','Male','None','','',0),(167,'Fubster','','','Human','Male','None','','',0),(168,'Cornelius Fudge','Pre 1964','','Human','Male','None','Grey','',2),(169,'Ulick Gamp','in or before 1690 (most likely)','','Human','Male','None','Black','Brown',0),(170,'Marvolo Gaunt','Pre 1890','Between 1925 and 1928','Human','Male','Slytherin','Grey','Bright brown',0),(171,'Morfin Gaunt','c. 1900','pre 1996','Human','Male','Slytherin','Dark','Dark',2),(172,'Portly ghost','','Before 1992','Human (formerly)','Male','None','','',0),(173,'Gibbon','','30 June 1997','Human','Male','None','','',0),(175,'Godelot','Middle Ages','Middle Ages','Human','Male','None','','',0),(176,'Godfrey','','1978 or earlier','Human (formerly)','Male','None','','',0),(177,'Godrics Hollow Muggle boy','','','Human','Male','None','','',0),(178,'Anthony Goldstein','between 1 September 1979 and 31 August 1980','','Human','Male','Ravenclaw','Blonde','Grey',0),(179,'Golgomath','Before 1995','','Giant','Male','None','','',0),(180,'Gordon','c. 1979 or 1980','','Human','Male','None','','',0),(182,'Dragomir Gorgovitch','','','Human','Male','None','','',0),(183,'Gorilla at the Zoo','','','Gorilla','Unknown','None','Black','Dark',0),(184,'Gornuk','','1998','Goblin','Male','None','','Black',0),(185,'Goyle','','','Human','Male','Slytherin (possibly)','','',1),(186,'Gregory Goyle','between 1 September 1979 and 31 August 1980','','Human','Male','Slytherin','Brown','',1),(187,'Hermione Grangers father','','','Human','Male','None','Brown','Brown',0),(188,'Merton Graves','1978','','Human','Male','None','Brown','Brown',0),(189,'Grawp','Post 1931','','Giant','Male','None','Brown','Brown-green',0),(190,'Grawps father','','','Giant','Male','None','','',0),(191,'Greek man','','','Human','Male','None','','',0),(192,'Mykew Gregorovitch','In or before 1909','2 September 1997 Gregorovitch Zauberstbe','Human','Male','None','White','',0),(193,'Gregory the Smarmy','12th century or earlier','','Human','Male','None','Bald (Brown eyebrows)','Green',0),(194,'Fenrir Greyback','Pre 1945','','Werewolf (formerly Human)','Male','None','Grey','',0),(195,'Gellert Grindelwald','Between summer 1882 and summer 1883','March 1998 (aged around 115)','Human (Seer)','Male','None','Blond','Blue',1),(196,'Gringotts Guards','','','','Unknown','None','','',0),(197,'Gringotts Head Goblin','','','Goblin','Male','None','White','',0),(198,'Griphook','Pre-1990','1 May 1998','Goblin','Male','None','Silver','Black',1),(199,'Edmund Grubb','','c. 18371901','Human (formerly)','Male','None','','',0),(200,'Grubby-looking St Mungos patient','','','Human','Male','None','','',0),(201,'Alberic Grunnion','1803','1882 (aged 78-79)','Human','Male','None','White','',0),(202,'Godric Gryffindor','Pre 976','11th century (possibly)','Human','Male','Gryffindor','Red','Green',0),(203,'Davey Gudgeon','c. 1960s','','Human','Male','None','','',0),(204,'Rubeus Hagrids father','','Between 1 September 1941 and 31 August 1942','Human','Male','None','Brown','Black',0),(205,'Rubeus Hagrid','6 December 1928','','Half-Human/Half-Giant','Male','Gryffindor','Black','Black',2),(206,'Ciceron Harkiss','','','Human','Male','None','','',0),(207,'Harper','between 1 September 1980 and 31 August 1981 Great Britain or Ireland','','Human','Male','Slytherin','Dark','',0),(208,'Warty Harris','','','Human','Male','None','','',0),(209,'Heady','','','Shrunken Head','Male','None','','',0),(210,'Hereward','','','Human','Male','None','','',0),(211,'Hermes','Before 1991','','Screech owl','Male','None','','',0),(212,'Bertie Higgs','','','Human','Male','None','','',0),(213,'Terence Higgs','31 August 1979 or earlier','','Human','Male','Slytherin','','',0),(214,'Oakden Hobday','','','Human','Male','None','','',0),(215,'Hogwarts Express conductor','c. 1920s-1950s','','Human','Male','None','Brown','',0),(216,'Hogwarts school mice','Before 1994','','Mice','Both','None','','',0),(217,'Phillipus von Hohenheim','1493','1541 (aged 47-48)','Human','Male','None','White','Blue',0),(218,'Geoffrey Hooper','c. Pre 31 August 1983','','Human','Male','Gryffindor','','',0),(219,'Olive Hornbys brother','','','Human','Male','None','','',0),(220,'House of Black house-elves','Varied','Varied; between 1850 and 1985','House-elves','Male','Slytherin','','',0),(221,'Inigo Imago','','','Human','Male','None','','',0),(222,'Joey Jenkins','In or before 1977','','Human','Male','None','','',0),(223,'Arsenius Jigger','','','Human','Male','None','Brown','Dark',0),(224,'Lee Jordans father','','','Human','Male','Gryffindor (likely)','','',0),(225,'Lee Jordan','Between 1 September 1977 and 31 August 1978','','Human','Male','Gryffindor','Black (dreadlocks)','Brown',0),(226,'Jugson','','','Human','Male','None','','',0),(227,'Karkaroffs Aide','Before October 1977','','Human','Male','None','Black','Hazel',0),(228,'Igor Karkaroff','pre 1965','24 June 1995  31 July 1996','Human','Male','None','Silver (formerly black)','Blue',0),(229,'Karkus','','1995','Giant','Male','None','','',0),(230,'Karl H.','Before 1993','','','Unknown','None','','',0),(231,'Silvanus Kettleburn','22 November before 1927[citation needed]','Between 2 May 1998 and 22 November 2014','Human','Male','Hufflepuff','Silver','Brown',0),(232,'Kevin','c. 1992','','Human','Male','None','','',0),(233,'Kevins father','','','Human','Male','None','','',0),(234,'Kings Cross Station guard','','','Human','Male','None','','',0),(235,'Andrew Kirke','31 August 1983 or earlierGreat Britain or Ireland','','Human','Male','Gryffindor','','',0),(236,'Kreacher','Between 1351 and 1979','Between 1 September 2017 and 2645 (aged 666)','House-elf','Male','Slytherin','White','',0),(237,'Viktor Krums father','In or before 1945 (possibly)','','Human','Male','None','Dark','',0),(238,'Viktor Krums grandfather','','Pre-1945','Human','Male','None','','',0),(239,'Viktor Krum','April-August 1976','','Human','Male','None','Dark','Dark',2),(240,'Lachlan the Lanky','','','Human','Male','None','','',0),(241,'Lancelot (Healer)','','','Human','Male','None','','',0),(242,'Lestrange','c. 1920s','','Human','Male','Slytherin','Black','',6),(243,'Rabastan Lestrange','Before 1964','','Human','Male','None','','',1),(244,'Rodolphus Lestrange','Pre 1964','','Human','Male','Slytherin','Dark','Dark',1),(245,'Alexei Levski','before 1977 Bulgaria','','Human','Male','None','Brown','Green',0),(246,'Little Hangleton boys','c. 1980s','','Human','Male','None','','',0),(247,'Little Whinging postman','','','Human','Male','None','','',0),(248,'Livius','','','Human','Male','None','','',0),(249,'Dai Llewellyn','','Before 1995','Human','Male','None','','',0),(250,'Gilderoy Lockhart','26 January 1964','','Human','Male','Ravenclaw','Blond','Blue',6),(251,'Frank Longbottoms father','Before 1947','Between 1980 and 1995','Human','Male','None','','',0),(252,'Algie Longbottom','','','Human','Male','None','','',0),(253,'Frank Longbottom','c. 1 September 1957 - 31 August 1959 or earlier','','Human','Male','Gryffindor','Blonde','',0),(254,'Neville Longbottom','30 July 1980','','Human','Male','Gryffindor','Blond','',2),(255,'Xenophilius Lovegood','before 1964 (most likely)','','Human','Male','Ravenclaw','White','',2),(256,'Loxias','','','Human','Male','None','','',0),(257,'Lyall Lupin','1929','','Human','Male','None','','',0),(258,'Remus Lupin','10 March 1960','2 May 1998 (aged 38)','Werewolf (formerly Human)','Male','Gryffindor','Light brown flecked with grey','Green',6),(259,'Edward Lupin','April 1998','','Human (Metamorphmagus)','Male','Hufflepuff','Variable','Variable',0),(260,'Aidan Lynch','','','Human','Male','None','','',0),(261,'Quintius MacBoon','','','Human','Male','None','','',0),(262,'Ernest Macmillan','Between 22 April 1980 and 31 August 1980','','Human','Male','Hufflepuff','Blond','',0),(263,'Walden Macnair','In or before 1970s','','Human','Male','None','Black','',0),(264,'Magorian','','','Centaur','Male','None','Black','',0),(265,'Malcolm','c. 1980s','','Human','Male','None','','',0),(266,'Abraxas Malfoy','before 1936 (most likely) Great Britain or Ireland','Pre 2 September 1996','Human','Male','Slytherin','','',0),(267,'Draco Malfoy','5 June 1980','','Human','Male','Slytherin','Silver-blonde','Grey',17),(268,'Lucius Malfoy','between 9 September 1953 and 8 September 1954','','Human','Male','Slytherin','White-blond','Grey',0),(269,'Scorpius Malfoy','between 1 September 2005 and 31 August 2006','','Human','Male','Slytherin','White-blond','Grey',0),(270,'Marauders','','','','Unknown','None','','',0),(271,'Marius','','','Human','Male','None','','',0),(272,'Martin Miggs','','','Human','Male','None','','',0),(273,'Mason','','','Human','Male','None','White','',0),(274,'Olympe Maximes father','','','Human or Giant','Male','None','','',0),(275,'Jim McGuffin','','','Human','Male','None','','',0),(276,'Cormac McLaggen','between 1 September 1978 and 31 August 1979','','Human','Male','Gryffindor','Blond','',0),(277,'Merlin','c. 982 or later','','Human','Male','Slytherin','White','',0),(278,'Eloise Midgens father','','','Human','Male','Gryffindor (likely)','','',0),(279,'Nicholas de Mimsy-Porpington','Between 1401 and 1475','31 October 1492 (aged 17- 91)','Human (formerly)','Male','Gryffindor','Grey','',1),(280,'Marcus Minugius','','','Human','Male','None','','',0),(281,'Cuthbert Mockridge','before 1976','','Human','Male','None','','',0),(282,'Graham Montagues father','','','Human','Male','None','','',0),(283,'Graham Montague','In or prior to c.1981','','Human','Male','Slytherin','Brown','Brown',0),(284,'Montgomery','Between April 1991 and April 1992','April 1997 (aged 5)','Human','Male','None','','',0),(285,'Alastor Moody','Pre 1960','27 July 1997','Human','Male','Unknown','Grey','One dark one electric blue',3),(286,'Mopsus (Potter-era)','','','Human','Male','None','','',0),(287,'Mortlake','','','Human','Male','None','','',0),(288,'Hassan Mostafa','Before 1977 (most likely) Egypt','','Human','Male','None','Bald','',0),(289,'Mr Paws','Before 1991','','Part-Kneazle','Unknown','None','','',0),(290,'Mr Tibbles','before 1991','','Part-Kneazle cat','Male','None','','',0),(291,'Red-haired Muggle boy','','','Human','Male','None','Red','',0),(292,'Mulciber I','','','Human','Male','None','','',0),(293,'Eric Munch','','','Human','Male','None','Dark','',0),(294,'Nicholas de Mimsy-Porpingtons executioner','Before 1492','After 1492','Human','Male','None','','',0),(295,'Nott','','','Human','Male','None','','',0),(296,'Theodore Nott','1 September 1979  21 April 1980','','Human','Male','Slytherin','Brown','',0),(297,'Oblansk','','','Human','Male','None','','',0),(298,'Roberts Obliviator','','','Human','Male','None','','',0),(299,'Odo','','','Human','Male','None','','',2),(300,'Bob Ogden','1908 at the latest','Some time before 7 September 1996','Human','Male','None','','',1),(301,'Tiberius Ogden','before 1977','','Human','Male','None','','',0),(302,'Ogg','','','Human','Male','None','','',1),(303,'Garrick Ollivander','25 September pre 1908','','Human','Male','Ravenclaw','','Silvery',0),(304,'Painting of sinister-looking monks','','Before 1993','Human','Male','None','','',0),(305,'Patil twins father','','','','Male','None','','',0),(306,'Payne','','','Human','Male','None','','',0),(307,'Jimmy Peakes','between 1 September 1982 and 31 August 1983','','Human','Male','Gryffindor','','',0),(308,'Arnold Peasegood','1976 or earlier','','Human','Male','None','','',0),(309,'Peeves','Amortal','Amortal','Poltergeist','Male','None','Black','Black',2),(310,'Octavius Pepper','','Spring 1997 (possibly)','Human','Male','None','','',0),(311,'Perkins','Before 1975','','Human','Male','None','Fluffy white','',0),(312,'Peter Pettigrew','between 1 September 1959 and 31 August 1960','Late March 1998 (aged 38 -39)','Human','Male','Gryffindor','Colourless and balding','',2),(313,'Ignotus Peverells son','13th century','After 18 May 1292','Human','Male','None','','',0),(314,'Antioch Peverells enemy','','Between 12 July 1214 and 18 May 1291','Human','Male','None','','',0),(315,'Antioch Peverell','Prior to 12 July 1214','Prior to 19 May 1292','Human','Male','None','Dark','',0),(316,'Cadmus Peverell','Prior to 12 July 1214','Prior to 19 May 1292','Human','Male','None','','',1),(317,'Ignotus Peverell','12 July 1214','19 May 1292 (aged 77)','Human','Male','None','','',0),(318,'Arkie Philpott','','','Human','Male','None','','',0),(319,'Pigwidgeon','Pre 1994','','Scops owl','Male','None','','',0),(320,'Sturgis Podmore','Between 8 September 1956 and 7 September 1957','','Human','Male','None','Straw-coloured','',0),(321,'Poliakoff','on or before 30 October 1977','','Human','Male','None','','',0),(322,'Piers Polkiss','c. 1980','','Human','Male','None','Black','',0),(323,'Roddy Pontner','','','Human','Male','None','','',0),(324,'Albus Potter','Between 1 September 2005 and 31 August 2006','','Human','Male','Slytherin','Jet-black','Bright green',0),(325,'Fleamont Potter','Pre-1909','c. 1979','Human','Male','Gryffindor','','',0),(326,'Harry Potter','31 July 1980','','Human','Male','Gryffindor','Jet-black','Bottle green',51),(327,'James Potter I','27 March 1960','31 October 1981 (aged 21)','Human','Male','Gryffindor','Jet-black','Hazel',0),(328,'James Potter II','Between 1 September 2003 and 31 August 2004','','Human','Male','Gryffindor','','',0),(329,'Ernest Prang','','','Human','Male','None','White','',0),(330,'Prentice','','','Human','Male','None','','',0),(331,'Fabian Prewett','','1981','Human','Male','None','','',0),(332,'Gideon Prewett','','1981','Human','Male','None','Red','Dark grey',0),(333,'Molly Weasleys father','before 1932 (most likely)','','Human','Male','None','Red (possibly)','',0),(334,'Prime Ministers political opponent','','','Human','Unknown','None','','',0),(335,'Prime Ministers predecessor','','','Human','Male','None','','',0),(336,'Apollyon Pringle','pre 1944','','Human','Male','None','','',0),(337,'Graham Pritchard','between 1 September 1982 and 31 August 1983 Great Britain or Ireland','','Human','Male','Slytherin','','',0),(338,'Demetrius Prod','Prior to 1992','27 November 1998','Human','Male','None','','',0),(339,'Ptolemy','','','Human','Male','None','Grey','',0),(340,'Adrian Pucey','between 1 September 1977 and 31 August 1978','','Human','Male','Slytherin','Black','',0),(341,'Augustus Pye','','','Human','Male','None','','',0),(342,'Pyrites','Before 1981','','Human','Male','None','','',0),(343,'Argo Pyrites','','','Human','Male','None','','',0),(344,'Quigley','before 1977 Ireland','','Human','Male','None','','',0),(345,'Quirinus Quirrell','26 September1970 or earlier','4 June 1992','Human','Male','Ravenclaw','','',1),(346,'Urquhart Rackharrow','1612','1697 (aged 84 - 85)','Human','Male','None','','',1),(347,'Ragnok','Before 1995','','Goblin','Male','None','','',0),(348,'Ragnuk','','','Goblin','Male','None','','',0),(349,'Thomas Riddle','1880','August 1943 (aged 62 - 63)','Human','Male','None','','',0),(350,'Tom Riddle (Voldemort)','31 December 1926','2 May 1998 (aged 71)','Human','Male','Slytherin','Bald (formerly black)','Scarlet (formerly dark brown)',0),(351,'Tom Riddle Senior','1905','August 1943 (aged 37/38)','Human','Male','None','Dark','',0),(352,'Ripper','c. 1980s','','Dog (breed: bulldog)','Male','None','Brown and white','Black',0),(353,'Gawain Robards','Pre. 1969','','Human','Male','None','','',0),(354,'Roberts','','','Human','Male','None','','',0),(355,'Roberts children','20th century','','Humans','Both','None','','',0),(356,'Romanian vampire','Romania (most likely)','','Vampire','Male (likely)','None','','',0),(357,'Ronan','','','Centaur','Male','None','Red','',0),(358,'Augustus Rookwood','Pre 1964','','Human','Male','None','Brown/greying','',0),(359,'Rosier (male)','','','Human','Male','None','','',0),(360,'Evan Rosier','Between 1953 and 1966 (most likely)','Late 1980 - late 1981','Human','Male','Slytherin','','',0),(361,'Rowboat owner','','','Human','Male','None','','',0),(362,'Thorfinn Rowle','','','Human','Male','None','Blond','',1),(363,'Albert Runcorn','Runcorn family','','Human','Male','None','Black','Dark',0),(364,'Barry Ryan','before 1977 Ireland','','Human','Male','None','','',0),(365,'Sanguini','','','Vampire','Male','None','Dark','',0),(366,'Scabior','before 1980 (most likely)','2 May 1998','Human','Male','Slytherin','','',0),(367,'Newton Scamander','24 February 1897','','Human','Male','Hufflepuff','Red brown','Blue',6),(368,'Scouthibou','','','Owl','Male','None','','',0),(369,'Rufus Scrimgeour','Pre 1968','1 August 1997','Human','Male','None','Tawny','Yellowish',0),(370,'Selwyn','','','Human','Male','Slytherin (possibly)','','',0),(371,'Kingsley Shacklebolt','In or before 1960','','Human','Male','None','Bald','Black',1),(372,'Gaspard Shingleton','1959','','Human','Male','None','Silver','Green',0),(373,'Stanley Shunpike','Between 15 September 1974 and 13 September 1975','','Human','Male','None','','',0),(374,'Mylor Silvanus','','','Human','Male','None','','',0),(375,'Wilbert Slinkhard','Prior to 1978','','Human','Male','None','','',0),(376,'Jack Sloper','c. Pre 31 August 1984','','Human','Male','Gryffindor','','',0),(377,'Horace Slughorn','28 April between 1882 and 1913','','Human','Male','Slytherin','Bald','Gooseberry',6),(378,'Salazar Slytherin','Pre 976','11th century (most likely)','Human','Male','Slytherin','Grey','Grey',2),(379,'Hippocrates Smethwyck','before 1977','','Human','Male','None','','',0),(380,'Zacharias Smiths father','','','Human','Male','None','','',0),(381,'Zacharias Smith','between 1 September 1979 and 2 May 1981 (possibly)','','Human','Male','Hufflepuff','Blond','',0),(382,'Severus Snape','9 January 1960','2 May 1998 (aged 38)','Human','Male','Slytherin','Black','Black',21),(383,'Tobias Snape','','','Human','Male','None','','',0),(384,'Stebbins (Potter-era)','c. 31 August 1980 or earlier Great Britain or Ireland','','Human','Male','Hufflepuff','Blonde','',0),(385,'Billy Stubbs','','','Human','Male','None','','',0),(386,'Stunned Death Eater','1980s or earlier','','Human','Male','None','Black','',0),(387,'Summers','between 1 November 1977 and 31 August 1983','','Human','Male','Hufflepuff','','',0),(388,'Surrey milkman','','','','Unknown','None','','',0),(389,'Emeric Switch','','Before the 1990s (possibly)','Human','Male','None','','',0),(390,'Robertus Tallis','','','Human','Male','None','Brown','Blue',0),(391,'Ted','','','Human','Male','None','','',39),(392,'Teffington','','1 May 1998','Human','Male','None','Dark','',0),(393,'Tenebrus','Pre 1980s','','Thestral','Male','None','','',0),(394,'Janus Thickey','','','Human','Male','None','','',0),(395,'Pius Thicknesse','Pre-1980','','Human','Male','None','Black and silver','',1),(396,'Thomas Vace','Before 1993','','Human','Male','None','','',0),(397,'Dean Thomas','between 1 September 1979 and 31 August 1980','','Human','Male','Gryffindor','Black','Brown',0),(398,'Dean Thomass father','','c. 1980','Human','Male','None','','',0),(399,'Dean Thomass stepfather','','','Human','Male','None','','',0),(400,'Orsino Thruston','1976','','Human','Male','None','Bald','',0),(401,'Tiberius','c. 1970 or earlier','','Human','Male','None','','',0),(402,'Timothy Butler','31 August 1982 or earlier','','Human','Male','None','','',0),(403,'Tofty','Before 1972','','Human','Male','None','Grey balding','Brown',0),(404,'Tom','c. 1920 or earlier','','Human','Male','None','Bald','',8),(405,'Edward Tonks','','March 1998','Human','Male','None','Fair','',0),(406,'Kenneth Towler','between 1 September 1977 and 31 August 1978 (probably)','','Human','Male','Gryffindor','','',0),(407,'Travers','Pre 1980s','','Human','Male','None','Grey','',0),(408,'Donaghan Tremlett','1972','','Human','Male','None','Brown','',0),(409,'Trevor','pre 1991','','Toad','Male','None','','Black',0),(410,'Quentin Trimble','','In or before 1986','Human','Male','None','Grey (formerly brown)','Brown',0),(411,'Troy','before 1977','','Human','Male','None','','',1),(449,'Wilkie Twycross','Before 1979','','Human','Male','None','Very fair','',0),(450,'Urg the Unclean','c. 18th century','','Goblin','Male','None','White','',0),(451,'Uric the Oddball','982 or later Great Britain or Ireland','Middle Ages','Human','Male','Ravenclaw','White','Blue',0),(452,'Urquhart','31 August 1984 or earlier','','Human','Male','Slytherin','','',1),(453,'Vaisey','31 August 1984 or earlier','','Human','Male','Slytherin','Dark','',0),(454,'Violet-cloaked wizard','','','Human','Male','None','','',0),(455,'Vindictus Viridian','Pre 1686 (most likely)','In or before 1994','Human','Male','None','Black (formerly)','Dark',3),(456,'Ivan Volkov','','','Human','Male','None','Dark','Green',0),(457,'Pyotr Vulchanov','before 1977 Bulgaria','','Human','Male','None','','Blue',0),(458,'Adalbert Waffling','1899','1981 (aged 82)','Human','Male','None','Grey','',0),(459,'Wagga Wagga Werewolf','','','Werewolf','Male','None','','',1),(460,'Myron Wagtail','1970','','Human','Male','None','Brown','',0),(462,'Myrtle Warrens father','','','Human','Male','None','','',0),(463,'Cassius Warrington','Between 1 September and 31 October 1977 (most likely)','','Human','Male','Slytherin','','',0),(464,'Weasley childrens cousin','','','Human','Male','None','Red','',0),(465,'Weasley childrens uncle','','','Human','Male','None','','',0),(467,'Weasley family ghoul','Pre 1991','','Ghoul','Male','None','Yellow','',0),(468,'Molly Weasleys second cousin','','','Human','Male','None','','',0),(469,'Arthur Weasley','6 February 1950','','Human','Male','Gryffindor','Red','Green',4),(470,'Arthur Weasleys brothers','20th century','','Human','Male','None','Red','',0),(471,'Charles Weasley','12 December 1972','','Human','Male','Gryffindor','Red','',0),(472,'Fred Weasley','1 April 1978','2 May 1998 (aged 20)','Human','Male','Gryffindor','Red','',0),(473,'George Weasley','1 April 1978','','Human','Male','Gryffindor','Red','',5),(474,'Hugo Granger-Weasley','1 September 2008 or later','','Human','Male','Gryffindor','Brown','',0),(475,'Percy Weasley','22 August 1976','','Human','Male','Gryffindor','Red greying and balding (as of 2014)','',1),(476,'Ronald Weasley','1 March 1980','','Human','Male','Gryffindor','Red','Blue',6),(477,'Bill Weasley','29 November 1970','','Human (Werewolf traits)','Male','Gryffindor','Red long','',2),(478,'Eric Whalley','1920s - 1930s','','Human','Male','None','','',0),(479,'Kevin Whitby','between 1 September 1982 and 31 August 1983 Great Britain or Ireland','','Human','Male','Hufflepuff','','',0),(480,'Willy Widdershins','','','Human','Male','None','','',0),(481,'Wilfred the Wistful','','','Human','Male','None','','',0),(482,'Will','','','Human','Male','None','','',3),(483,'Bill Weasleys Brazilian pen-friend','before 1980s South America','','Human','Male','None','','',0),(484,'Williamson','Pre. 1973','','Human','Male','None','','',0),(485,'Gilbert Wimple','Before 1976','','Human','Male','None','','',0),(486,'Herman Wintringham','c. 1974','','Human','Male','None','Blonde','Blue',0),(487,'Oliver Woods father','before 1975','','Human','Male','None','','',0),(488,'Oliver Wood','Between October 1975 - 31 August 1976','','Human','Male','Gryffindor','','',0),(489,'Hengist of Woodcroft','982 or later','','Human','Male','Hufflepuff','Red','',0),(490,'Eldred Worple','between 1914 and 1970 or earlier Great Britain or Ireland','','Human','Male','None','','',0),(491,'Bowman Wright','1492','1560 (aged 67-68)','Human','Male','None','Black','Blue',0),(492,'Corban Yaxley','Yaxley family','','Human','Male','None','Blond','Blue',0),(493,'Blaise Zabini','1 September 1979  21 April 1980','','Human','Male','Slytherin','Black','',0),(494,'Ladislaw Zamojski','','','Human','Male','None','','',0),(495,'Lev Zograf','','','Human','Male','None','Silver','',0),(496,'Zoo director','','','Human','Male','None','','',0),(497,'Hannah Abbotts mother','','Autumn 1996','Human','Female','None','','',0),(498,'Hannah Abbott','between 1 September 1979 and 31 August 1980','','Human','Female','Hufflepuff','Blonde','',0),(499,'Agnes','','','Human','Female','None','Black','',0),(500,'Alastor Moodys spiders','','','','Unknown','None','','',0),(501,'Babbitty Rabbity','','','Human','Female','None','Dark','',0),(502,'Millicent Bagnold','Before 1963 Great Britain or Ireland','','Human','Female','Ravenclaw','','',0),(503,'Bathilda Bagshot','Pre 1873','Pre 24 December 1997 (aged about 124) Godrics Hollow West Country England Great Britain','Human','Female','None','White','',1),(504,'Bandon Banshee','','','','Unknown','None','','',0),(505,'Baruffios wife','','','Human','Female','None','','',0),(506,'Hetty Bayliss','','','Human','Female','None','','',0),(507,'Katie Bell','between 1 September 1978 and 31 August 1979','','Human','Female','Gryffindor','Brown','',0),(508,'Katie Bells mother','','','Human','Female','None','','',0),(509,'Amy Benson','','','Human','Female','None','','',0),(510,'Araminta Meliflua Black','approx. 1920s - no later than 1978','','Human','Female','None','','',0),(511,'Elladora Black','1850','1931 (aged 80 - 81)','Human','Female','Slytherin','','',0),(512,'Walburga Black','1925','1985 (aged 59/60)','Human','Female','Slytherin','','',0),(513,'Amelia Bones mother','','Before or during 1981','Human','Female','Hufflepuff (likely)','','',0),(514,'Edgar Bones wife','','Second half of 1981','Human','Female','None','','',0),(515,'Amelia Bones','pre 12 August 1978','Between the 8th and the 14th of July 1996','Human','Female','None','Grey short','',0),(516,'Susan Bones','between 1 September 1979 and 31 August 1980','','Human','Female','Hufflepuff','','',0),(517,'Betty Braithwaite','','','Human','Female','None','','',0),(518,'Eleanor Branstone','between 1 September 1982 and 31 August 1983','','Human','Female','Hufflepuff','','',0),(519,'Rita Skeeter','between January and November 1951','','Human','Female','None','Blonde','',2),(520,'Mandy Brocklehurst','between 1 September 1979 and 31 August 1980','','Human','Female','Ravenclaw','','',0),(521,'Lavender Brown','between 1 September 1979 and 31 August 1980','2 May 1998 (aged 17/18)','Human','Female','Gryffindor','','',1),(522,'Lavender Browns mother','','','Human','Female','Gryffindor (possibly)','','',0),(523,'Millicent Bulstrode','between 1 September 1979 and 31 August 1980','','Human','Female','Slytherin','Black','',0),(524,'Rosalind Bungs','pre 1964','','Human','Female','None','','',0),(525,'Charity Burbage','Before 1976','Late July 1997','Human','Female','None','','',0),(526,'Alecto Carrow','Pre 1981','','Human','Female','None','','',0),(527,'Greta Catchlove','1960','','Human','Female','None','Blonde','Blue',0),(528,'Mary Cattermoles mother','','','Human','Female','None','','',0),(529,'Ellie Cattermole','c. Between 1987 and 1994 (assumed)','','Human','Female','None','','',0),(530,'Maisie Cattermole','c. Between 1987 and 1994 (assumed)','','Human','Female','None','','',0),(531,'Mary Cattermole','','','Human','Female','None','Dark Brown','Blue',0),(532,'Cecilia','','','Human','Female','None','','',0),(533,'Cho Chang','between 1 September 1978 and 31 August 1979','','Human','Female','Ravenclaw','Black','Dark',0),(534,'Cho Changs mother','7 September pre 1962 (most likely)','','Human','Female','Ravenclaw (possibly)','','',0),(535,'Circe','Ancient Greece','','Human','Female','None','Black','Brown',0),(536,'Penelope Clearwater','between 1 September 1976 and 31 August 1977','','Human','Female','Ravenclaw','Blonde','',0),(537,'Cliodna','Middle Ages Ireland','Middle Ages','Human','Female','None','','Green',0),(538,'Cole','c. 1908','','Human','Female','None','','',0),(539,'Elfrida Cragg','','Before 1995','Human','Female','None','','',0),(540,'Dirk Cresswells wife','','','Human','Female','None','','',0),(541,'Doris Crockford','','','Human','Female','None','','',0),(542,'Bartemius Crouch Jrs mother','pre 1945','Shortly after 1981','Human','Female','None','','',0),(543,'Roger Daviess girlfriend','','','Human','Female','None','Blonde','',0),(544,'Delacour sisters cousins','','','Veela or part-Veela','Female','None','Black','',0),(545,'Apolline Delacour','','','Half-Human','Female','None','Blonde','Blue',0),(546,'Apolline Delacours mother','','','Veela','Female','None','','',0),(547,'Fleur Delacour','Pre 30 October 1977','','1/4 Veela','Female','None','Silvery-blonde','Dark blue',4),(548,'Gabrielle Delacour','between 31 July 1985 and 30 July 1986','','Human (Veela ancestry)','Female','None','Silvery-blonde','',0),(549,'Dilys Derwent','Pre 1705 (most likely)','1768','Human','Female','None','Silver','',0),(550,'Cedric Diggorys mother','','','Human','Female','None','','',0),(551,'Emma Dobbs','c. 1982-1983','','Human','Female','None','','',0),(552,'Mary Dorkins','before 1977 (most likely)','','Human','Female','None','','',0),(553,'Dot','Before 1917','','Human','Female','None','','',0),(554,'Ariana Dumbledore','c. 1885','Late Summer 1899 (aged 14)','Human','Female','None','Blonde','',0),(555,'Kendra Dumbledore','between Summer 1850 and Summer 1851','Summer 1899 (aged 48) West Country England Great Britain','Human','Female','None','Jet-black','Dark',0),(556,'Durmstrang girl','before 31 October 1977','','Human','Female','None','','',0),(557,'Vernon Dursleys secretary','','','Human','Female','None','','',0),(558,'Marjorie Dursley','Pre 1954','','Human','Female','None','Grey','',0),(559,'Petunia Dursley','Pre 1960','Between 1999 and 2020 (aged at least 38)','Human','Female','None','Blonde','',0),(560,'Edgecombe','','','Human','Female','None','','',2),(561,'Marietta Edgecombe','c. 1978-1982','','Human','Female','Ravenclaw','Reddish-blonde','',2),(562,'Enid Longbottom','','','Human','Female','None','','',0),(563,'Evans sisters mother','','Between 1 September 1971 and 31 October 1981','Human','Female','None','','',0),(565,'Fat Lady','Great Britain or Ireland','1960s or earlier','Portrait; formerly Human','Female','Gryffindor','Black','',0),(566,'Fawcett','Between 1 November 1977 and 31 August 1981 Great Britain or Ireland','','Human','Female','Ravenclaw','Black','',0),(567,'Morgan le Fay','982 or later','Middle Ages','Human','Female','None','Red','Blue',0),(568,'Fiesella Foss','Before 1993','','','Unknown','None','','',0),(569,'Arabella Figg','','','Human','Female','None','Grizzled grey flyaway hair','',0),(570,'Justin Finch-Fletchleys mother','Before 1962 (most likely)','','Human','Female','None','','',0),(571,'Seamus Finnigans mother','before 1963 (most likely) Ireland','','Human','Female','Gryffindor (possibly)','Sandy','',0),(572,'Perenelle Flamel','Between 1307 and 1334','Between 1992 and 1996 (aged between 658 and 689)','Human','Female','None','','',0),(573,'Mopsy Fleabert','','','Human','Female','None','','',0),(574,'Florence','1950s - 1960s Great Britain or Ireland','','Human','Female','None','','',0),(575,'Ambrosius Flumes wife','Before 1976 (most likely)','','Human','Female','None','Red','',0),(576,'Fridwulfa','','Between 1931 and 1995','Giant','Female','None','','',0),(577,'Vicky Frobisher','c. Pre 31 August 1984','','Human','Female','Gryffindor','','',0),(578,'Cornelius Fudges wife','','','Human','Female','None','','',0),(579,'German-speaking woman','','1 September 1997','Human','Female','None','','',0),(580,'Gloomy nuns','','Before 1992','Humans (formerly)','Female','None','','',0),(583,'Leonora Gore','','','Human','Female','None','','',0),(584,'Gunhilda de Gorsemoor','1556','1639 (aged 82-83)','Human','Female','None','Red (formerly)','Green',0),(585,'Miranda Goshawk','1921','','Human','Female','None','Grey','Blue',2),(586,'Gregory Goyles mother','','','Human','Female','Slytherin (most likely)','','',0),(587,'Hermione Granger','19 September 1979','','Human','Female','Gryffindor','Brown','Brown',36),(588,'Hermione Grangers mother','','','Human','Female','None','Brown','Green',0),(589,'Daphne Greengrass','Between 1 September 1979 and 31 August 1980','','Human','Female','Slytherin','','',0),(590,'Lady Grieve','','','Human','Female','None','','',1),(591,'Wilhelmina Grubbly-Plank','','','Human','Female','None','Grey','',0),(592,'Curious Gryffindor Girl','between 1 September 1980 and 31 August 1981 (most likely) Great Britain or Ireland','','Human','Female','Gryffindor','','',0),(593,'Gladys Gudgeon','','','Human','Female','None','','',0),(594,'Gimlet-eyed Hogwarts Headmistress','','Before 1995','Human','Female','None','','Gimlet-eyed',0),(595,'Hedwig','Pre 1991','27 July 1997','Snowy Owl','Female','None','','Amber',1),(597,'Hermione Grangers sister','After 19 September 1979','','Human','Female','None','','',0),(599,'Hokey','Before 1940s','1950s-1960s','House-elf','Female','None','','',1),(600,'Rolanda Hooch','pre 1918','','Human','Female','None','Grey','Yellow',0),(601,'Mafalda Hopkirk','February 19 - March 20  in or before 1975','','Human','Female','None','Grey','',0),(602,'Olive Hornby','c. 1926 - 1932','Before 1995','Human','Female','None','','',0),(604,'Hope Howell','Pre 1938','Pre 1981','Human','Female','None','','',0),(605,'Helga Hufflepuff','Pre 976','11th century (possibly)','Human','Female','Hufflepuff','Brown','Blue',0),(606,'Ice cream seller','','','Human','Female','None','','',0),(607,'Clara Ivanova','before 1977 Bulgaria (possibly)','','Human','Female','None','Red','Green',0),(608,'User:Jack inch BtRinch  Saxon/Hooch draft','c. 1900 ','','Human','Female','None','Grey','Yellow',0),(609,'Jack Saxon Trelawney','c. 1963 or earlier','','Human','Female','None','Brown','Dark green',0),(610,'Angelina Johnson','24  30 October 1977','','Human','Female','Gryffindor','','',0),(611,'Gwenog Jones','1968','','Human','Female','None','Brown','Brown',0),(612,'Hestia Jones','Pre 1978','','Human','Female','None','Black','',0),(613,'Bertha Jorkinss aunt','','','Human','Female','None','','',0),(614,'Bertha Jorkins','1 September 1953 - 31 August 1958','1994 (aged around 35-40) Albania','Human','Female','None','','',0),(615,'Josephine Kay','','','','Female','None','','',0),(616,'Karkuss wife','','','Giant','Female','None','','',0),(617,'Kevins mother','','','Human','Female','None','','',0),(618,'Aged witch','','','Human','Female','None','','',0),(619,'Kreachers mother','','Between 1850 and 1985','House-elf','Female','Slytherin','','',0),(620,'Viktor Krums mother','In or before 1945 (possibly)','','Human','Female','None','Dark','',0),(621,'Leanne','between 1 September 1979 and 31 August 1980','','Human','Female','Hufflepuff','','',0),(622,'Bellatrix Lestrange','1951','2 May 1998 (aged 46 - 47)','Human','Female','Slytherin','Black','',1),(623,'Alice Longbottom','','','Human','Female','None','Blonde (possibly; formerly)','',1),(624,'Augusta Longbottom','pre 1947','','Human','Female','None','Grey','Brown',0),(625,'Luna Lovegood','13 February 1981','','Human','Female','Ravenclaw','Dirty-blonde','Pale silvery',1),(626,'Pandora Lovegood','','Between 13 February 1990 and 12 February 1991','Human','Female','Ravenclaw (possibly)','Dirty-blonde (possibly)','Pale silvery (possibly)',0),(627,'Mary Macdonald','1 September 1958 - 31 August 1965 (most likely)Great Britain or Ireland','','Human','Female','None','','',0),(628,'Morag MacDougal','c. 1979-1980','','Human','Female','None','','',0),(629,'Laura Madley','between 1 September 1982 and 31 August 1983 Great Britain or Ireland','','Human','Female','Hufflepuff','','',0),(630,'Mafalda','between 1 September 1982 and 31 August 1983 Great Britain or Ireland','','Human','Female','Slytherin','','',0),(631,'Mafaldas mother','','','Human','Female','None','','',0),(632,'Magical Menagerie saleswoman','','','Human','Female','None','Grey (formerly black)','',0),(633,'Astoria Malfoy','between 1 September 1981 -31 August 1982','August 2019 (aged 37)','Human','Female','None','Dark brown','',0),(634,'Narcissa Malfoy','1955','','Human','Female','Slytherin','Blonde','Blue',1),(635,'Malkin','','','Human','Female','None','White','Blue',1),(636,'Griselda Marchbanks','No later than the 1870s','','Human','Female','None','','',0),(637,'Marsh','','','Human','Female','None','','',0),(638,'Martha (British Muggle)','Early 20th century (most likely)','','Human','Female','None','','',0),(639,'Masons wife','','','Human','Female','None','Grey','',0),(640,'Daphne Mauboisan','','','Human','Female','None','','',0),(641,'Olympe Maxime','','','Half-human/Half-giant','Female','None','Brown','Black',1),(642,'Olympe Maximes mother','','','Human or Giantess','Female','None','','',0),(643,'Natalie McDonald','between 1 September 1982 and 31 August 1983 Great Britain','','Human','Female','Gryffindor','','',0),(644,'Minerva McGonagall','4 October','','Human','Female','Gryffindor','Black','',5),(645,'Marlene McKinnon','','July 1981','Human','Female','None','','',0),(646,'Dorcas Meadowes','','1981','Human','Female','None','Black','Brown',0),(647,'Melinda Bobbin','c. 1978-1985','','Human','Female','None','','',0),(648,'Galatea Merrythought','Pre-1878','','Human','Female','None','','',0),(649,'Eloise Midgen','31 August 1983 or earlier','','Human','Female','Gryffindor','','',0),(650,'Graham Montagues mother','','','Human','Female','None','','',0),(651,'Montgomery childrens mother','before 1969 (most likely)','','Human','Female','None','','',0),(652,'Montgomery sisters','Circa 1978-1985','','Human','Female','None','','',0),(653,'Lily Moon','2 September 1979 - 1 September 1980','','Human','Female','Gryffindor, Hufflepuff, or Slytherin','','',0),(654,'Moran','','','Human','Female','None','','',0),(655,'Mosag','c. 1942','','Acromantula','Female','None','Brown','Black',0),(656,'Mullet','','','Human','Female','None','','',0),(657,'Murcus','Before 1994','','Selkie (Merpeople)','Female','None','Green','Yellow',0),(658,'Muriel','Between 2 August 1889 and 31 July 1890','','Human','Female','None','White','',0),(659,'Muriels mother','Before 2 August 1890','','Human','Female','None','','',0),(660,'Nagini','Before 1927 Indonesia (possibly)','2 May 1998 (aged at least 71)','Human (Maledictus affliction; formerly)','Female','None','Black (Human)','',2),(661,'Z. Nettles','','','Human','Female','None','','',0),(662,'Norberta','Spring of 1992','','Norwegian Ridgeback','Female','None','','',0),(663,'Mrs Norris','1984 or earlier','','Cat','Female','None','Dust-coloured fur','Yellow and lamp-like',1),(664,'Pansy Parkinsons Gang','','','','Unknown','None','','',0),(665,'Paper shop girl','','','Human','Female','None','','',0),(666,'Pansy Parkinson','between 1 September 1979 and 31 August 1980','','Human','Female','Slytherin','','',0),(667,'Patil twins mother','','','','Female','None','','',0),(668,'Padma Patil','Between 1 September 1979 and 21 April 1980','','Human','Female','Ravenclaw','Dark long','Dark',0),(669,'Parvati Patil','between 1 September 1979 and 22 April 1980','','Human','Female','Gryffindor','Dark','Dark',2),(670,'Sally-Anne Perks','between 1 September 1979 and 31 August 1980','','Human','Female','Gryffindor, Hufflepuff, or Slytherin','','',0),(671,'Peter Pettigrews mother','','','Human','Female','None','','',0),(672,'Enid Pettigrew','','','Human','Female','None','','',0),(673,'Cadmus Peverells fiance','','c. 13th century','Human','Female','None','Brown','',0),(674,'Irma Pince','Pre 1966 (most likely)','','Human','Female','None','','',0),(675,'Piers Polkisss mother','','','Human','Female','None','','',0),(676,'Poppy Pomfrey','pre 1954','','Human','Female','None','','',0),(677,'Portrait of a mermaid','','Before late February 1994','Mermaid','Female','None','Blonde','',0),(678,'Euphemia Potter','','Pre-31 July 1980','Human','Female','None','','',0),(679,'Lily L. Potter','Between 1 September 2007 and 31 August 2008','','Human','Female','Gryffindor','Red','',0),(680,'Lily J. Potter','30 January 1960','31 October 1981 (aged 21)','Human','Female','Gryffindor','Auburn','Bright green',0),(681,'Molly Weasleys mother','before 30 October 1949.','','','Female','None','Red (possibly)','',0),(682,'Prime Ministers niece','Pre-1990','','Human','Female','None','','',0),(683,'Eileen Prince','c. 1930 Great Britain or Ireland','','Human','Female','Slytherin (possibly)','','',0),(684,'Elsie Prod','','','Human','Female','None','','',0),(685,'Puddifoot','','','Human','Female','None','Black','',0),(686,'Doris Purkiss','','','Human','Female','None','','',0),(687,'Orla Quirke','between 1 September 1982 and 31 August 1983','','Human','Female','Ravenclaw','','',0),(688,'Helena Ravenclaw','Post 982','Sometime between 996 and 1000','Human (formerly)','Female','Ravenclaw','','',0),(689,'Rowena Ravenclaw','Pre 976','11th century','Human','Female','Ravenclaw','','Brown',0),(690,'Maisy Reynolds','on or prior to 31 August 1986','','Human','Female','Ravenclaw','Brown','',0),(691,'Mary Riddle','1883','August 1943 (aged 59 - 60)','Human','Female','None','','',0),(692,'Merope Riddle','c. 1907','31 December 1926 (aged 19)','Human','Female','Slytherin','Dull','',0),(693,'Riddles cook','','','Human','Female','None','','',0),(694,'Riddles maid','Before 1943','','Human','Female','None','','',0),(695,'Robertss wife','','','Human','Female','None','','',0),(696,'Demelza Robins','on or before 31 August 1985','','Human','Female','Gryffindor','','',0),(697,'C. Roemmele','','','Human','Female','None','','',0),(698,'Rosmerta','Before 1959','','Human','Female','None','Blonde','Green',0),(699,'Skower','','','Human','Female','None','Blonde','Green',0),(700,'Serpent of Slytherin','c. 993','29 May 1993 (aged around 1000)','Basilisk','Female','Slytherin','','Yellow',0),(701,'Aurora Sinistra','Pre 1968','','Human','Female','None','Dark','Dark',0),(703,'Sixth-Year Inquisitorial Squad Member','between 1 September 1978 and 31 August 1979 (most likely) Great Britain or Ireland','','Human','Female','Slytherin','Dark','',0),(704,'Enid Smeek','','','Human','Female','None','','',0),(705,'Smeltings nurse','In or prior to 1976','','Human','Female','None','','',0),(706,'Veronica Smethley','','','Human','Female','None','','',0),(707,'Hepzibah Smith','','c. 1955-1961','Human','Female','None','','',0),(708,'Alicia Spinnet','between 1 September 1977 and 31 August 1978','','Human','Female','Gryffindor','','',1),(709,'Phyllida Spore','','In or before 1995','Human','Female','None','Black','',0),(710,'Pomona Sprout','15 May','','Human','Female','Hufflepuff','Grey','',1),(711,'Winged St Mungos patient','','','Human','Female','None','','',0),(712,'Patricia Stimpson','c. 1977-1978','','Human','Female','None','','',0),(713,'Miriam Strout','Before 1977','','Human','Female','None','','',0),(714,'The Fates','Amortal','Amortal','Deity','Female','None','','',0),(715,'Theodore Notts mother','','Sometime between 1980 and 1995','Human','Female','None','','',0),(716,'Dean Thomass mother','','','Human','Female','None','','',0),(717,'Agatha Timms','','','Human','Female','None','','',0),(718,'Andromeda Tonks','1951-1955','','Human','Female','Slytherin','Light brown','',0),(719,'Nymphadora Tonks','between 1 September 1972 and 31 August 1973','2 May 1998 (aged 24/25)','Human (Metamorphmagus)','Female','Hufflepuff','Variable (biologically light brown))','Variable (Dark)',4),(720,'Cassandra Trelawney','','','Human (Seer)','Female','None','','',0),(721,'Sybill Trelawney','9 March prior to 1963 Great Britain or Ireland','','Human (Seer)','Female','Ravenclaw','','',1),(722,'Donaghan Tremletts wife','','','Human','Female','None','','',0),(723,'Trolley witch','Before 1830','','Human','Female','None','Grey','Dark',0),(724,'Lisa Turpin','Between 1 September 1979 and 31 August 1980','','Human','Female','Ravenclaw','Brown','',0),(725,'Two little witches','Before 1994','','Humans','Female','None','','',0),(726,'Tyra Teegarden','31 August 1982 or earlier','','','Female','None','','',0),(727,'Dolores Umbridge','British Ministry of Magic (formerly)','','Human','Female','Slytherin','Mouse brown (formerly)','',7),(728,'Cassandra Vablatsky','1894','1997 (aged 102 - 103)','Human (Seer)','Female','None','Brown','Brown',0),(729,'Emmeline Vance','pre 1964','Early July 1996','Human','Female','None','','',0),(730,'Romilda Vane','between 1 September 1981 and 31 August 1982','','Human','Female','Gryffindor','Black','Dark',0),(731,'Romilda Vanes grandmother','','','Human','Female','None','','',0),(732,'Septima Vector','Before 1974','','Human','Female','None','Black','',0),(733,'Verity','In or prior to 1979','','Human','Female','None','Blonde','',0),(734,'Violet','','Before 1994','Portrait','Female','None','','',0),(735,'Wailing Widow','','Before 1992','Human (formerly)','Female','None','','',0),(736,'Waitress at Luchino Caffe','Before 1997','','Human','Female','None','','',0),(737,'Wakanda','','','Human','Female','None','Blonde','',0),(739,'Celestina Warbeck','18 August 1917','','Human','Female','Gryffindor','Dark','',0),(740,'Myrtle Warren','Between 14 June 1928 and 13 June 1929','13 June 1943 (aged 14)','Human (formerly)','Female','Ravenclaw','','',0),(741,'Myrtle Warrens mother','','','Human','Female','None','','',0),(743,'Ginny Weasley','11 August 1981','','Human','Female','Gryffindor','Red','Bright brown',2),(744,'Molly Weasley','30 October 1949 or 1950','','Human','Female','Gryffindor','Red','Bright brown',7),(745,'Rose Granger-Weasley','between 1 September 2005 and 31 August 2006','','Human','Female','Gryffindor','Red','',0),(746,'Victoire Weasley','2 May early 2000s Great Britain or France','','Human (Veela ancestry)','Female','Gryffindor','Blonde','',0),(747,'St Mungos Welcome Witch','','','Human','Female','None','Blonde','Blue',0),(748,'Wendelin the Weird','c. 14th century','Middle Ages','Human','Female','None','Red','Green',1),(749,'Winky','Before 1981','','House-elf','Female','None','','Brown',3),(750,'Winkys grandmother','','','House-elf','Female','None','','',0),(751,'Winkys mother','','','House-elf','Female','None','','',0),(752,'Oliver Woods mother','','','Human','Female','None','','',0),(753,'Yvonne','','','Human','Female','None','','',0),(754,'Blaise Zabinis mother','','','Human','Female','Slytherin (likely)','','',0),(755,'Rose Zeller','Between 1 September 1983 and 31 August 1984','','Human','Female','Hufflepuff','','',0),(756,'Albus Dumbledore','Late August 1881','30 June 1997 (aged 115)','Human','Male','Gryffindor','Silver formerly auburn','Blue',16);
/*!40000 ALTER TABLE `role_trimmed` ENABLE KEYS */;
UNLOCK TABLES;

--
-- Table structure for table `spell`
--

DROP TABLE IF EXISTS `spell`;
/*!40101 SET @saved_cs_client     = @@character_set_client */;
/*!50503 SET character_set_client = utf8mb4 */;
CREATE TABLE `spell` (
  `id` int NOT NULL,
  `name` varchar(64) DEFAULT NULL,
  `alias` varchar(64) DEFAULT NULL,
  `spell_type` varchar(64) DEFAULT NULL,
  `description` varchar(2056) DEFAULT NULL,
  PRIMARY KEY (`id`),
  UNIQUE KEY `name` (`name`),
  KEY `spell_type` (`spell_type`),
  CONSTRAINT `spell_ibfk_1` FOREIGN KEY (`spell_type`) REFERENCES `spell_type` (`type_name`) ON DELETE CASCADE ON UPDATE CASCADE
) ENGINE=InnoDB DEFAULT CHARSET=utf8mb4 COLLATE=utf8mb4_0900_ai_ci;
/*!40101 SET character_set_client = @saved_cs_client */;

--
-- Dumping data for table `spell`
--

LOCK TABLES `spell` WRITE;
/*!40000 ALTER TABLE `spell` DISABLE KEYS */;
INSERT INTO `spell` VALUES (1,'Aberto','','Charm',''),(2,'Accio','Summoning Charm','Charm','Summons an object towards the caster. It is able to summon objects in direct line of sight of the caster as well as things out of view by calling the object aloud after the incantation (unless the spell is casted nonverbally). This spell needs thought behind it and the object must be clear in the casters mind before trying to summon it. The caster doesnt necessarily need to know the location of the target if they say the name of the object to be summoned such as when Hermione Granger summoned some books from Dumbledores office simply by saying Accio Horcrux books! while in Gryffindor Tower.'),(3,'Age Line','','Charm','Prevents people above or below a certain age from access to a target.'),(4,'Aguamenti','Water-Making Spell','Charm Conjuration','Produces a clean drinkable jet of water from the wand tip.'),(5,'Alarte Ascendare','','Charm','Shoots the target high into the air.'),(6,'Albus Dumbledores forceful spell','','Spell','This spell was supposedly quite powerful as when it was cast the opponent was forced to conjure a silver shield to deflect it.'),(7,'Alohomora','Unlocking Charm','Charm','Unlocks doors and other objects. It can also unlock doors that have been sealed with a Locking Spell although it is possible to bewitch doors to become unaffected by this spell.'),(8,'Amato Animo Animato Animagus','Animagus Spell','Transfiguration','Spell used as part of the process of becoming an Animagus. The incantation has to be recited at sunrise and sundown every day before the consumption of the Animagus Potion. The incantation is also recited just prior to the consumption of the potion which has to take place just after a lightning storm starts. The incantation is recited while placing the wands tip over ones heart.'),(9,'Anapneo','','Healing Spell Vanishment','Clears the targets airway if they are choking on something.'),(10,'Anteoculatia','','Hex','Causes the target to grow antlers.'),(11,'Anti-Cheating Spell','','Charm','Used to prevent cheating.'),(12,'Anti-Disapparition Jinx','','Jinx','Prevents Disapparation in an area. It is used to entrap an enemy in an area.'),(13,'Anti-intruder jinx','','Jinx','Prevents intruders from entering an area.'),(14,'Antonin Dolohovs curse','','Curse','An unknown curse that causes injuries that are capable of killing with enough power.'),(15,'Aparecium','Revealing Charm','Charm','Reveals secret messages written in invisible ink or any other hidden markings. Also works against Concealing charms'),(16,'Appare Vestigium','Tracking Spell','Charm','Reveals traces of magic including footprints and track marks.'),(17,'Apparition','','Transportation','Magically transports the caster to another location instantaneously. The destination is one that the primary user has been to or seen in some fashion previously. Can be used to apparate multiple people at once if holding each other. No incantation required.'),(18,'Aqua Eructo','Aqua Eructo Charm','Charm','This spell is used to create and control a jet of clear water from the tip of the wand; it is probably related to Aguamenti.'),(19,'Arania Exumai','Spider repelling spell','Charm','Drives away spiders including Acromantulas.'),(20,'Arresto Momentum','Slowing Charm','Charm','Decreases the velocity of a moving target. Can be used on multiple targets as well as on the caster themselves. It was invented by Daisy Pennifold in 1711 for use on the Quaffle in Quidditch.'),(21,'Arrow-shooting spell','','Conjuration','Fires arrows from the casters wand.'),(22,'Ascendio','','Charm','Lifts the caster high into the air. The charm also works underwater propelling the caster above the surface.'),(23,'Avada Kedavra','Killing Curse','Curse',''),(24,'Avifors','Avifors Spell','Transfiguration','Transforms the target into a bird.'),(25,'Avenseguim','','Charm','Turns an object into a tracking device.'),(26,'Avis','Bird-Conjuring Charm','Conjuration Charm','Conjures a flock of birds from the tip of the wand. When used in conjunction with Oppugno it can be used offensively.'),(27,'Babbling Curse','','Curse','Causes uncontrollable babbling.'),(28,'Badgering','','Transfiguration','Turns things into badgers'),(29,'Bat-Bogey Hex','','Hex','Transforms the targets bogeys into large bats that fly out of the victims nose. It was invented by Miranda Goshawk.'),(30,'Baubillious','','Charm','The exact effects of the spell are unknown though it presumably is of damaging nature and it produces a bolt of white light from the tip of the wand.'),(31,'Bedazzling Hex','','Hex','Allows the caster to disguise things.'),(32,'Bewitched Snowballs','','Charm','Causes snowballs to pelt themselves at the target.'),(33,'Bluebell Flames','','Charm','Produces magical blue flames that can be held in a jar. Not as dangerous as real fire these magical flames can be touched penetrated and held without it burning the holder though it is known to singe materials such as clothing and plants.'),(34,'Blue sparks','','Charm','Jet of blue sparks. It can be used offensively as a minor duelling spell.'),(35,'Bombarda','Exploding Charm','Charm','Provokes a small explosion.'),(36,'Bombarda Maxima','','Charm','Creates a large explosion capable of removing entire walls. A more advanced and more powerful form of the Exploding Charm.'),(37,'Brackium Emendo','','Charm Healing Spell','If used correctly it is claimed that this spell will heal broken bones; this theory is supported by the etymology.'),(38,'Bravery Charm','','Charm','Increases the bravery of a teammate increasing their performance against certain foes.'),(39,'Bridge-conjuring spell','','Charm','Conjure a bridge from thin air.'),(40,'Broom jinx','','Jinx','Used to make broomsticks try to throw their riders off through a variety of means such as sudden lurches and violent swishing movements. Constant eye contact is needed for the jinx to keep working.'),(41,'Bubble-Head Charm','','Charm','Produces a large bubble of air around the head of the user; it is commonly used as the supernatural equivalent of a breathing set.'),(42,'Bubble-producing spell','','Charm','Produces a stream of non-bursting bubbles; there are two similar spells.'),(43,'Calvorio','Hair-Loss Curse','Curse','Removes the victims hair.'),(44,'Cantis','','Jinx','Causes the victim to burst uncontrollably into song.'),(45,'Capacious extremis','Extension Charm','Charm','Expands the internal dimensions of an object without affecting the external dimensions enhancing its capacity and rendering its contents lighter.'),(46,'Carpe Retractum','Seize and Pull Charm','Charm','Produces a rope of light used to pull objects towards the caster or if the target is fixed in place to pull the caster towards the target.'),(47,'Cascading Jinx','','Jinx','Attacks multiple opponents in close proximity to each other.'),(48,'Caterwauling Charm','','Charm','Anyone entering the perimeter of this spell sets off a high-pitched shriek. This spell may be related to the Intruder Charm.'),(49,'Cauldron to Sieve','','Transfiguration','Transforms cauldrons into sieves.'),(50,'Cauldron to badger','','Transfiguration','Transforms cauldrons into badgers.'),(51,'Cave inimicum','','Charm','Produces a boundary that keeps the caster hidden from others.'),(52,'Cheering Charm','','Charm','Makes the target feel happy. Overuse of the spell may cause the target to break into an uncontrollable laughing fit. This spell was invented by Felix Summerbee.'),(53,'Circumrota','','Charm','Rotates objects.'),(54,'Cistem Aperio','','Charm','Opens chests and boxes.'),(55,'Colloportus','Locking Spell','Charm','Locks doors and all things that can be locked. It is the counter-charm to the Unlocking Spell.'),(56,'Colloshoo','Stickfast Hex','Hex','Sticks the targets shoes to the ground.'),(57,'Colovaria','Colour Change Charm','Charm','Changes the targets colour.'),(58,'Confringo','Blasting Curse','Curse','Produces a fiery explosion.'),(59,'Confundo','Confundus Charm','Charm','Causes the victim to become confused and befuddled.'),(60,'Conjunctivitis Curse','','Curse','Causes irritation in the eyes forcing them to swell shut. The Oculus Potion is able to counteract this curse. Dragons are particularly susceptible to this curse as their hide makes them resistant to most spells while their eyes remain vulnerable.'),(61,'Cornflake skin spell','',NULL,'This spell causes the victims skin to appear as though it was coated in cornflakes.'),(62,'Cracker Jinx','','Jinx','This spell is used to conjure exploding wizard crackers; it can be used in duelling to harm the opponent but the force of the explosion may also affect the caster.'),(63,'Cribbing Spell','','Spell','This spell which may possibly be a charm is used to assist the caster in cheating on written papers tests and exams. It is possible that these spells can negate anti-cheating spells.'),(64,'Crinus Muto','','Transfiguration','Used to transfigure the colour and style of ones hair.'),(65,'Crucio','Cruciatus Curse','Curse','Inflicts intense pain on the recipient of the curse. This curse does not physically harm the victim but may in extreme cases drive them insane. The pain is described as having hot knives being driven into the victim. It cannot be cast successfully by a person who is doing so out of pure spite or anger; one must feel a true desire to cause the victim pain. If one casts this spell he or she will receive a life sentence in Azkaban prison for it as with the other twoUnforgivable Curses.'),(66,'Defodio','Gouging Spell','Charm','Allows the caster to dig and carve through the target.'),(67,'Deletrius','Eradication Spell','Charm','Counter-charm to the Reverse Spell vanishing the image of the last spell cast. It may also disintegrate other certain images.'),(68,'Densaugeo','','Hex','This hex causes the victims teeth to grow rapidly but can also be used to restore lost teeth as proven when Ted Tonks did so in 1997 for Harry Potter.'),(69,'Deprimo','','Charm','Charm used to blast holes in the ground.'),(70,'Depulso','Banishing Charm','Charm','Sends the target away from the caster. It is the counter-charm to the Summoning Charm.'),(71,'Descendo','','Charm','Causes object to fall or move downwards.'),(72,'Desk Into Pig','','Transfiguration','Turns desks into pigs.'),(73,'Deterioration Hex','','Hex','Impairs foes and reduces their stamina.'),(74,'Diffindo','Severing Charm','Charm','Used to precisely cut or tear objects.'),(75,'Diminuendo','','Charm','Forces the target to shrink.'),(76,'Dissendium','','Charm','Used to open passages.'),(77,'Disillusionment Charm','','Charm','Causes the target to blend seamlessly in with its surroundings like a chameleon.'),(78,'Draconifors','Draconifors Spell','Transfiguration','Transforms the target into a dragon.'),(79,'Drought Charm','','Charm','Causes puddles and ponds to dry up. Though not powerful enough to drain a body of water like a lake'),(80,'Ducklifors','Ducklifors Jinx','Transfiguration Jinx','Transforms the target into a duck.'),(81,'Duro','Hardening Charm','Charm','Turns an object to stone.'),(82,'Ears to kumquats','','Transfiguration','This spell transforms the victims ears into kumquats.'),(83,'Ear-shrivelling Curse','','Curse','Causes the targets ears to shrivel up.'),(84,'Ebublio','Ebublio Jinx','Jinx','Causes the victim to inflate and explode into hundreds of bubbles; it can only be cast if an ally is using Aqua Eructo on the victim simultaneously.'),(85,'Engorgio','Engorgement Charm','Charm','Causes the target to swell in physical size. Its counter-charm is the Shrinking Charm.'),(86,'Engorgio Skullus','','Hex','Causes the victims skull to swell disproportionately. This spell may be a variation of the Engorgement Charm as they share the first word of the incantation. Its countercurse is Redactum Skullus.'),(87,'Entomorphis','Insect Jinx','Jinx Transfiguration','This hex is used to transform the target into an insectoid for a short time.'),(88,'Entrail-Expelling Curse','','Curse','Expels victims entrails. Precise effects unknown. Invented by Urquhart Rackharrow.'),(89,'Episkey','','Healing Spell','Used to heal relatively minor injuries such as broken bones and cartilage.'),(90,'Epoximise','','Transfiguration','Adheres one object to another as if they had been glued together.'),(91,'Erecto','','Charm','Used to erect a tent or other upright structure.'),(92,'Evanesce','','Transfiguration','Vanishes the target'),(93,'Evanesco','Vanishing Spell','Transfiguration','Vanishes the target. Vanished things go into non-being which is to say everything.'),(94,'Everte Statum','','Spell','Throws the victim backward similarly to being thrown.'),(95,'Expecto Patronum','Patronus Charm','Charm','This charm is a highly powerful and advanced protective spell which will conjure a spirit guardian of their positive emotions to defend against dark creatures; it can also send messages to other witches or wizards. The Patronus takes the form of an animal unique to each person who casts it. The form of a Patronus can change when one has undergone a period of heightened emotion.'),(96,'Expelliarmus','Disarming Charm','Charm','Forces whatever an opponent is holding to fly out of their hand. It was considered to be Harry Potters signature spell.'),(97,'Expulso','Expulso Curse','Curse','Provokes an explosion unique in that it uses pressure to do so as opposed to heat.'),(98,'Extinguishing Spell','','Charm','Puts out fires.'),(99,'False memory charm','','Charm','Implants a false memory in the victim without them realising it was not originally theirs.'),(100,'Feather-light charm','','Charm','Makes an object light as a feather.'),(101,'Ferret to human','','Transfiguration','Transforms a ferret into a human.'),(102,'Ferula','Bandaging Charm','Conjuration Healing spell','Conjures up bandages and wraps them around a wound splinting any broken bones.'),(103,'Fianto Duri','','Charm','A defensive charm which based on the etymology strengthens shield spells and perhaps objects in general in a similar way to Duro.'),(104,'Fidelius Charm','','Charm','An immensely complex charm used to hide secret information within the soul of the charms recipient who is called a Secret-Keeper. The information is irretrievable unless the Secret-Keeper willingly chooses to reveal it and only the aforementioned person can do so.'),(105,'Fiendfyre','','Curse','Unleashes cursed fire that takes the shape of animals that actively seek out living targets and burn anything in its path including nearly indestructable substances such as horcruxes. In addition this fire is made even more dangerous due to the fact that it is extremely difficult to control and cannot be extinguished with normal or enchanted water.'),(106,'Finestra','Finestra spell','Charm','Shatters glass.'),(107,'Finite Incantatem','General Counter-Spell','Counter-Spell','Terminates all spell effects in the vicinity of the caster.'),(108,'Finger-removing jinx','','Jinx','Removes a persons fingers.'),(109,'Firestorm','','Charm','Produces a ring of fire from the wand.'),(110,'Flagrante Curse','','Curse','Causes objects to burn on contact.'),(111,'Flagrate','','Charm','Writes in midair with firey marks.'),(112,'Flame-Freezing Charm','','Charm','Causes fire to tickle those caught in it instead of burning them.'),(113,'Flask-conjuring spell','','Conjuration','Conjures a glass flask'),(114,'Flintifors','','Transfiguration','Transforms objects into matchboxes.'),(115,'Flipendo','Knockback Jinx','Jinx','Knocks objects and creatures backwards.'),(116,'Flipendo Duo','Knockback Jinx Duo','Jinx','A more powerful version of Flipendo.'),(117,'Flipendo Tria','','Jinx','A more powerful version of Flipendo Duo; it is said to resemble a miniature tornado.'),(118,'Flying Charm','','Charm','This spell is cast on broomsticks and flying carpets to allow them to fly.'),(119,'Fumos','Smokescreen Spell','Charm','Defensive smokescreen that hinders visibility.'),(120,'Fumos Duo','','Charm','A more powerful version of Fumos.'),(121,'Furnunculus','Pimple Jinx','Jinx','Covers the target in boils (or pimples).'),(122,'Fur spell','','Charm','Causes fur to grow on the victim.'),(123,'Geminio','Doubling Charm','Charm','Duplicates the target. When used to duplicate objects indefinitely on purpose is known as the Gemino Curse.'),(124,'Glacius','Freezing Spell','Charm','Freezes the target with icy-cold air.'),(125,'Glacius Duo','','Charm','A more powerful version of Glacius.'),(126,'Glacius Tria','','Charm','A more powerful version of Glacius Duo.'),(127,'Glisseo','','Charm','Causes the steps on a stairway to flatten into a slide.'),(128,'Green Sparks','',NULL,'Jet of green sparks that can be used to signal an emergency or as a minor duelling spell.'),(129,'Gripping Charm','','Charm','Helps someone grip something more effectively.'),(130,'Gytrash-conjuring spell','','Conjuration Dark Arts','Conjures luminous green Gytrashes from the wand which can be commanded by the caster to attack an opponent.'),(131,'Hair-thickening Charm','','Charm','Thickens the victims hair.'),(132,'Harmonia Nectere Passus','','Charm','Repairs a Vanishing Cabinet.'),(133,'Herbifors','','Transfiguration','This spell causes flowers to sprout from the victim.'),(134,'Herbivicus','Herbivicus Charm','Charm','Rapidly grows plants.'),(135,'Hermione Grangers jinx','','Jinx','Causes a traitor to break out in boils spelling SNEAK on his or her forehead.'),(136,'Homing spell','',NULL,'Offensive spells that follow their target with a constant speed after being cast.'),(137,'Homenum Revelio','Human-Presence-Revealing Spell','Charm','Reveals human presence in the vicinity of the caster.'),(138,'Homonculous Charm','','Charm','Tracks the movements of human beings. The charm has a powerful effect in that it is not fooled by various methods of concealment and disguise such as invisibility cloaks the Polyjuice Potion or transformed Animagi.'),(139,'Homorphus Charm','','Charm','Causes an Animagus or transfigured object to assume its normal shape.'),(140,'Horn tongue hex','','Hex','Transforms the targets tongue into a horn.'),(141,'Horton-Keitch Braking Charm','','Charm','Charm patented by Basil Horton and Randolph Keitch that allows for broom-riders to stop more precisely. This spell was first used on the Comet 140 to prevent players from overshooting the goal posts and from flying off-sides.'),(142,'Horcrux-making spell','','Dark Arts','This spell allows a part of a wizards soul to pass into an object thereby making the object a Horcrux. One has to commit murder and take advantage of the souls splitting apart by this supreme act of evil in order to be able to perform this spell and it is probably very complex. In 1943 Horace Slughorn described the spell to a young Tom Riddle as encasing a portion of the torn soul and placing it within an object. The spell itself is described in detail in a banned book known as Secret of the Darkest Art which Hermione Granger summoned from Albus Dumbledores office near the end of their sixth year. According to the text use of this spell to separate the soul will make the remaining portion of the soul very fragile and can only be reversed by remorse of the wrongs the creator had made; however the pain caused by attempting to reverse the creation of a Horcrux can destroy the individual.'),(143,'Hot-Air Charm','','Charm','Conjures a stream of hot air'),(144,'Hour-Reversal Charm','','Charm','Reverses small amounts of time (up to five hours).'),(145,'Hover Charm','','Charm','Used to make the target hover. It is one of the many lesser variations of the Levitation Charm.'),(146,'Hurling Hex','','Hex','Causes brooms to vibrate violently in the air and try to buck their rider off.'),(147,'Illegibilus','','Charm','Makes writing impossible to read.'),(148,'Immobulus','Freezing Charm','Charm','Immobilises and stops the actions of the target. It works both on living and inanimate things.'),(149,'Impedimenta','Impediment Jinx','Jinx','Slows down or stops the target.'),(150,'Imperio','Imperius Curse','Curse','Places the victim completely under the casters control. The victim is put into a trance-like state and becomes very suggestible to the commands of the caster. However those who are strong willed may learn to resist it. One of the three Unforgivable Curses the use of this curse on another human results in capital punishment or life sentence in Azkaban.'),(151,'Imperturbable Charm','','Charm','Creates an invisible magical barrier on an object such as a door. This barrier bounces objects off of it and muffles sounds.'),(152,'Impervius','Impervius Charm','Charm','Makes an object repel water and mist.'),(153,'Inanimatus Conjurus','Inanimatus Conjurus Spell','Transfiguration','It is a spell of unknown effect most likely used to conjure an inanimate object.'),(154,'Incarcerous','Incarcerous Spell','Conjuration','Ties up the target with ropes conjured from thin air.'),(155,'Incendio','Fire-Making Spell','Charm Conjuration','Produces fire.'),(156,'Incendio Duo','','Charm','A stronger version of Incendio.'),(157,'Incendio Tria','','Charm','An improvement over both Incendio and Incendio Duo.'),(158,'Inflatus','Inflating Charm','Charm','Inflates the target filling it with air.'),(159,'Informous','Informous Spell','Charm','Informous is a spell that is used to complete ones Folio Bruti. A page with a brief description (including weaknesses and strengths) of the charmed creature is added to the casters Folio Bruti.'),(160,'Instant Scalping Hex','','Hex','Instantly scalps all the hair off of a target.'),(161,'Intruder Charm','','Charm','Detects intruders and sounds an alarm.'),(162,'Locomotor Wibbly','Jelly-Legs Curse','Curse Jinx','Causes the victims legs to collapse as if they were turned to jelly.'),(163,'Jelly-Brain Jinx','','Jinx','Reduces the targets mental processes.'),(164,'Jelly-Fingers Curse','','Curse','Causes targets fingers to become wobbly making it uneasy for the victim to grasp objects.'),(165,'Knee-reversal hex','','Hex','Puts knees on backward.'),(166,'Lacarnum Inflamari','','Charm','Ignites cloaks.'),(167,'Langlock','','Jinx','Sticks a victims tongue to the roof of their mouth. Created by Severus Snape.'),(168,'Lapifors','Lapifors Spell','Transfiguration','Transforms the target into a rabbit.'),(169,'Leek Jinx','','Jinx','Makes leeks sprout out of the targets ears.'),(170,'Legilimens','Legilimency Spell','Charm',''),(171,'Type: Charm\n','',NULL,'Allows the caster to delve into the mind of the victim allowing the caster to see the memories thoughts and emotions of the victim.'),(172,'Levicorpus','','Jinx','Hoists people up into the air by their ankle. Created by Severus Snape.'),(173,'Liberacorpus','','Counter-Jinx','The counter-jinx to Levicorpus.'),(174,'Locomotor','Locomotion Charm','Charm','Allows a witch or wizard to levitate a target a few inches off of the ground and then move said object in any given direction. Similarly to the Summoning Charm a specific object can be moved by calling the object aloud after saying the incantation.'),(175,'Locomotor Mortis','Leg-Locker Curse','Curse','Sticks legs together.'),(176,'Lumos','Wand-Lighting Charm','Charm','Illuminates the tip of the casters wand allowing the caster to see in the dark.'),(177,'Lumos Duo','Wand-Lighting Charm Duo','Charm','Creates a focused beam of light from the end of the wand. It is a variant of the Wand-Lighting Charm.'),(178,'Lumos Maxima','','Charm','Produces a blinding flash of bright white light from the tip of the wand. It is a variant of the Wand-Lighting Charm.'),(179,'Lumos Solem','Lumos Solem Spell','Charm','Produce a blinding flash of sunlight. It is a variant of the Wand-Lighting Charm.'),(180,'Magicus Extremos','','Charm','Partnership-based charm that temporarily increases the casters spell power.'),(181,'Melofors','Melofors Jinx','Jinx','Encases the victims head in a pumpkin.'),(182,'Meteolojinx Recanto','','Counter-Charm','Causes weather effects caused by jinxes to cease.'),(183,'Mimblewimble','Tongue-Tying Curse','Curse','Ties the targets tongue in a knot preventing them from making coherent speech or saying incantations correctly making it useful in duels.'),(184,'Ministry of Magic Fog','','Charm','Patented charm used by the Ministry for Magic to conceal certain areas from Muggle view.'),(185,'Mobiliarbus','','Charm','Levitates wooden objects a few inches off of the ground and moves them in any given direction.'),(186,'Mobilicorpus','','Charm','Levitates and moves bodies.'),(187,'Molliare','Cushioning Charm','Charm','Produces an invisible cushion over the target is used primarily in the manufacturing of broomsticks.'),(188,'Molly Weasleys curse','','Curse','Like the Avada Kedavra curse it kills (or freezes) the victim. It turns the body grey/blue (or paler) while it turns to stone and then another twin jinx can blast the body into pieces.'),(189,'Morsmordre','',NULL,'Conjures the Dark Mark which is the sign of the Death Eaters.'),(190,'Mucus ad Nauseam','Curse of the Bogies','Curse','Gives the victim a nasty cold and an extremely runny nose that can cause the victim to collapse if it is not treated. The cold is accompanied with constant sneezing.'),(191,'Muffliato','Muffliato Charm','Charm','Prevents others from hearing nearby conversations by filling peoples ears with an unidentifiable buzzing.'),(192,'Multicorfors','Multicorfors Spell','Transfiguration','Multicorfors is a charm used to change the colour and style of ones clothing.'),(193,'Mutatio Skullus','','Hex','Mutates the victims head causing them to grows extra heads.'),(194,'Nox','Wand-Extinguishing Charm','Charm','Extinguishes wandlight. It the counter-charm for the Wand-Lighting Charm Lumos.'),(195,'Nebulus','','Charm','Creates fog from the tip of the wand.'),(196,'Oculus Reparo','','Charm','Mends eyeglasses.'),(197,'Obliteration Charm','','Charm','Removes footprints.'),(198,'Obliviate','Memory Charm','Charm','Erases specific memories.'),(199,'Obscuro','','Conjuration','Blindfolds the target.'),(200,'Oppugno','Oppugno Jinx','Jinx','Causes targeted objects to attack a victim. It is particularly effective in conjunction with the Bird-Conjuring Charm.'),(201,'Orbis','Orbix Jinx','Jinx','Sucks the target into the ground.'),(202,'Orchideous','','Conjuration','Conjures a bouquet of flowers.'),(203,'Oscausi','','Dark charm','Seal someones mouth shut making it appear it was never there.'),(204,'Pack','','Charm','Packs luggage.'),(205,'Papyrus Reparo','','Charm','Mends torn pieces of paper.'),(206,'Patented Daydream Charm','','Charm','Gives the spell caster a highly-realistic 30-minute daydream. Side effects include mild drooling and a vacant expression.'),(207,'Partis Temporus','','Charm','Creates a temporary gap in the target.'),(208,'Pepper breath hex','','Hex','Gives the victim fiery hot breath.'),(209,'Periculum','','Charm','Produces a burst of red sparks.'),(210,'Permanent Sticking Charm','','Charm','Sticks objects permanently in place.'),(211,'Peskipiksi Pesternomi','','Charm','The one time it was used it had absolutely no effect.'),(212,'Petrificus Totalus','Full Body-Bind Curse','Curse','Used to temporarily bind the victims body in a position much like that of a soldier at attention; the victim will usually fall to the ground.'),(213,'Piertotum Locomotor','','Charm','Brings animates inanimate targets.'),(214,'Piscifors','','Transfiguration','Transforms things into fish.'),(215,'Placement Charm','','Charm','Maigcally places an object in or on a specific location. Placement Charms can be used to place a bridle on a Kelpie to render it harmless and docile.'),(216,'Point Me','Four-Point Spell','Spell','Makes the casters wand point due north.'),(217,'Portus','','Charm','Turns an object into a portkey.'),(218,'Prior Incantato','Reverse Spell','Charm','Forces a wand to show an echo of the last spell it performed.'),(219,'Protean Charm','','Charm','Causes copies of an object to be remotely affected by changes made to the original.'),(220,'Protego','Shield Charm','Charm','Invisible shield that reflects spells and blocks physical entities.'),(221,'Protego Diabolica','','Dark Arts','Conjures a protective ring of black fire around the caster that only affects their enemies.'),(222,'Protego Horribilis','','Charm','A powerful shield charm against dark magic.'),(223,'Protego Maxima','','Charm','A powerful shield charm against dark magic. A stronger and bigger version of Protego especially when combined with other wizards casting it at the same time. Was so powerful that it could also disintegrate people that came too close and tried to enter it.'),(224,'Protego totalum','','Charm','Protects an area for an extended period of time.'),(225,'Purple Firecrackers','','Charm','Causes purple firecrackers to shoot out from the tip of ones wand.'),(226,'Pus-squirting hex','','Hex','Causes yellowish goo to squirt from ones nose.'),(227,'Quietus','Quietening Charm','Charm','Makes a target sound quieter. It is the counter-charm to the Amplifying Charm.'),(228,'Redactum Skullus','Head Shrink Spell','Hex','Shrinks the head of the target. It is the counter-spell to Engorgio Skullus.'),(229,'Reducio','Shrinking Charm','Charm','Makes an object shrink in size. Its counter-charm is the Engorgement Charm.'),(230,'Reducto','Reductor Curse','Curse','Breaks objects. In stronger usages disintegrates them.'),(231,'Refilling Charm','','Charm','Refills whatever the caster points at with the drink originally in the container.'),(232,'Reparifors','','Healing Spell','Reverts minor magically-induced ailments such as paralysis and poisoning.'),(233,'Reverte','','Charm','Returns objects to their original positions or states.'),(234,'Relashio','Revulsion Jinx','Jinx','Forces the target to release its grip on whatever it is holding.'),(235,'Rennervate','Reviving Spell','Charm','Awakens an unconscious victim. It is consequently the counter-charm to the Stunning Spell.'),(236,'Reparifarge','','Untransfiguration','Used to reverse incomplete transformations.'),(237,'Reparo','Mending Charm','Charm','Seamlessly repairs broken objects.'),(238,'Repello Muggletum','Muggle-Repelling Charm','Charm','Keeps Muggles away from wizarding places by causing them to remember important meetings they missed and to cause the Muggles in question to forget what they were doing.'),(239,'Repello Inimicum','','Charm','Disintegrates the persons entering this charm.'),(240,'Revelio','Revelio Charm','Charm','Reveals secrets about a person or object.'),(241,'Rictusempra','Tickling Charm','Charm','Tickles the target until they become weak with laughter.'),(242,'Riddikulus','Boggart Banishing Spell','Charm','A spell used when fighting a Boggart Riddikulus forces the Boggart to take the appearance of an object the caster is focusing on. Best results can be achieved if the caster is focusing on something humorous with the desire that laughter will weaken the Boggart.'),(243,'Rose Growth','','Transfiguration','Causes rosebushes grow at an unusually fast pace.'),(244,'Rowboat spell','','Charm','Makes boats row themselves.'),(245,'Salvio Hexia','','Charm','Protects against hexes.'),(246,'Sardine hex','','Hex','Makes the victim sneeze out sardines.'),(247,'Sauce-making spell','','Conjuration','Conjures a creamy sauce from the tip of the wand.'),(248,'Scorching Spell','','Charm','Produces dancing flames which presumably scorch the opponent.'),(249,'Scourgify','Scouring Charm','Charm','Cleans objects'),(250,'Sealant Charm','','Charm','Magically seals envelopes.'),(251,'Sea urchin jinx','','Jinx','This spell begins to transform the victim into a sea urchin.'),(252,'Sectumsempra','','Curse','Lacerates the target as if they have been slashed by a sword. Subsequently the target can easily bleed to death from the wounds. This curse was invented by Severus Snape to be used against his personal enemies.'),(253,'Shield penetration spell','','Spell','Annihilates magical enchantments and shields.'),(254,'Shooting Spell','','Spell','Used to shoot objects'),(255,'Smashing spell','','Spell','Produces explosions'),(256,'Serpensortia','Snake Summons Spell','Conjuration','Conjures a serpent from the casters wand.'),(257,'Silencio','Silencing Charm','Charm','Makes something silent.'),(258,'Skurge','Skurge Charm','Charm','Cleans up ectoplasm and frightens ghosts and other spirits.'),(259,'Slippery Jinx','','Jinx','Makes an object slippery and difficult to hold.'),(260,'Slugulus Eructo','Slug-vomiting Charm','Curse','Forces the victim to burp up slimy slugs.'),(261,'Sonorous Charm','','Charm','This charm emits a magnified roar from the tip of the wand. This noise disrupts all in its path and can even be used to harm opponents.'),(262,'Sonorus','Amplifying Charm','Charm','Makes the target sound louder. The counter-charm is the Quietening Charm Quietus.'),(263,'Specialis Revelio','','Charm','Reveals spells cast on objects or potions.'),(264,'Sponge-Knees Curse','','Curse','Makes the targets legs spongy making it difficult for them to walk.'),(265,'Spongify','Softening Charm','Charm','Softens objects making them rubbery and bouncy.'),(266,'Squiggle Quill','','Transfiguration','Transforms writing quills into worms.'),(267,'Stealth Sensoring Spell','','Charm','Detects those under magical disguise.'),(268,'Steleus','','Hex','A hex that causes the victim to sneeze for a short period of time. This spell is used in duelling to distract the opponent.'),(269,'Stinging Jinx','','Jinx','Stings the flesh of a target. This spell is also known as'),(270,'Stretching Jinx','','Jinx','Stretches the target.'),(271,'Stupefy','Stunning Spell','Charm','Stuns the target rendering them unconscious.'),(272,'Supersensory Charm','','Charm','Grants the caster to have enhanced senses or to be able to sense things they would not normally sense.'),(273,'Surgito','','Counter-charm','Counter-charm that can be used to remove enchantments.'),(274,'Switching Spell','','Transfiguration','Switches two targets simultaneously.'),(275,'Taboo','','Curse','A jinx which may be placed upon a word or a name so that whenever that word is spoken a magical disturbance is created which alerts the caster of the Taboo to the location of the speaker. Any protective enchantments in effect around the speaker are broken when the Tabooed word is spoken aloud.'),(276,'Tail-growing hex','','Hex','Causes the victim to grow a tail.'),(277,'Tarantallegra','Dancing Feet Spell','Jinx','Makes a targets legs spasm wildly out of control making it appear as though they are dancing.'),(278,'Teacup to tortoise','','Transfiguration','Transforms a teacup into a tortoise.'),(279,'Teapot to tortoise','','Transfiguration','Transforms a teapot into a tortoise.'),(280,'Teeth-straightening spell','','Charm','Straightens crooked teeth.'),(281,'Teleportation Spell','','Spell','Vanishes objects which then appear elsewhere.'),(282,'Tentaclifors','','Transfiguration Jinx','Transfigures the targets head into a tentacle.'),(283,'Tergeo','','Charm','Siphons liquid and cleans objects.'),(284,'Titillando','Tickling Hex','Hex','Tickles and weakens the victim.'),(285,'Toenail-growing hex','','Hex','Causes the toenails to grow at an extreme and uncontrollable rate.'),(286,'Transmogrifian Torture','','Curse','Tortures the victim to death.'),(287,'Trip Jinx','','Jinx','Forces the target to trip and fall over.'),(288,'Twitchy-Ears Hex','','Hex','Causes the victims ears to twitch.'),(289,'Unbreakable Charm','','Charm','Makes objects unbreakable.'),(290,'Unbreakable Vow','','Spell','Causes a vow taken by a witch or wizard to be inviolable; if they should break it the consequence is death.'),(291,'Unsupported flight','','Spell','Allows a witch or wizard to fly through the air unaided. Technique invented by Lord Voldemort'),(292,'Vacuum cleaner spell','','Charm','Cleans objects by using the wand to suck up dust like a vacuum cleaner.'),(293,'Ventus','Ventus Jinx','Jinx','Shoots a jet of strong spiralling wind from the tip of the wand.'),(294,'Ventus Duo','','Jinx','A stronger version of the Ventus Jinx'),(295,'Vera Verto','','Transfiguration','Turn animals to water goblets.'),(296,'Verdillious','','Charm','A spell used to shoot green sparks from the end of the wand.'),(297,'Verdimillious','Verdimillious Charm','Charm','Produces a jet of green sparks that can be used in duelling or to reveal things hidden by dark magic.'),(298,'Verdimillious Duo','','Charm','A more powerful version of Verdimillious.'),(299,'Vermiculus','Vermiculus Jinx','Transfiguration','Transforms things into worms.'),(300,'Vermillious','Red Sparks','Charm','Jet of red sparks that can be used to signal an emergency or as a minor duelling spell.'),(301,'Vipera Evanesca','Snake-Vanishing Spell','Vanishment','Vanishes snakes. Subsequently it is the counter-spell for the Snake Summons Spell.'),(302,'Vulnera Sanentur','','Healing Spell','Healing spell that slows blood flow clears residue and knits wounds. It is the counter-curse to Sectumsempra.'),(303,'Waddiwasi','','Charm','Used to shoot small soft masses of whatever the caster so desires at the target'),(304,'Washing up spell','','Charm','Enchanted dirty dishes to wash themselves.'),(305,'Wingardium Leviosa','Levitation Charm','Charm','Makes objects fly or levitate.');
/*!40000 ALTER TABLE `spell` ENABLE KEYS */;
UNLOCK TABLES;

--
-- Table structure for table `spell_type`
--

DROP TABLE IF EXISTS `spell_type`;
/*!40101 SET @saved_cs_client     = @@character_set_client */;
/*!50503 SET character_set_client = utf8mb4 */;
CREATE TABLE `spell_type` (
  `type_name` varchar(64) NOT NULL,
  PRIMARY KEY (`type_name`)
) ENGINE=InnoDB DEFAULT CHARSET=utf8mb4 COLLATE=utf8mb4_0900_ai_ci;
/*!40101 SET character_set_client = @saved_cs_client */;

--
-- Dumping data for table `spell_type`
--

LOCK TABLES `spell_type` WRITE;
/*!40000 ALTER TABLE `spell_type` DISABLE KEYS */;
INSERT INTO `spell_type` VALUES ('Charm'),('Charm Conjuration'),('Charm Healing Spell'),('Conjuration'),('Conjuration Charm'),('Conjuration Dark Arts'),('Conjuration Healing spell'),('Counter-Charm'),('Counter-Jinx'),('Counter-Spell'),('Curse'),('Curse Jinx'),('Dark Arts'),('Dark charm'),('Healing Spell'),('Healing Spell Vanishment'),('Hex'),('Jinx'),('Jinx Transfiguration'),('Spell'),('Transfiguration'),('Transfiguration Jinx'),('Transportation'),('Untransfiguration'),('Vanishment');
/*!40000 ALTER TABLE `spell_type` ENABLE KEYS */;
UNLOCK TABLES;

--
-- Dumping events for database 'harry_potter_zhaox'
--

--
-- Dumping routines for database 'harry_potter_zhaox'
--
/*!50003 DROP FUNCTION IF EXISTS `more_books` */;
/*!50003 SET @saved_cs_client      = @@character_set_client */ ;
/*!50003 SET @saved_cs_results     = @@character_set_results */ ;
/*!50003 SET @saved_col_connection = @@collation_connection */ ;
/*!50003 SET character_set_client  = utf8mb4 */ ;
/*!50003 SET character_set_results = utf8mb4 */ ;
/*!50003 SET collation_connection  = utf8mb4_0900_ai_ci */ ;
/*!50003 SET @saved_sql_mode       = @@sql_mode */ ;
/*!50003 SET sql_mode              = 'ONLY_FULL_GROUP_BY,STRICT_TRANS_TABLES,NO_ZERO_IN_DATE,NO_ZERO_DATE,ERROR_FOR_DIVISION_BY_ZERO,NO_ENGINE_SUBSTITUTION' */ ;
DELIMITER ;;
CREATE DEFINER=`root`@`localhost` FUNCTION `more_books`(role1_p varchar(64), role2_p varchar(64)) RETURNS int
    READS SQL DATA
    DETERMINISTIC
BEGIN
declare count1 int; 
declare count2 int;

if not exists (select name from role_trimmed 
	where name = role1_p)
    or not exists(select name from role_trimmed 
	where name = role2_p)
then signal sqlstate '45000'
	set message_text = 'unknown role name';
end if;

select count(distinct book_id) into count1 
	from role_trimmed
	inner join role_in_book
    on id = role_id
    where name = role1_p;
    
select count(distinct book_id) into count2 
	from role_trimmed
	inner join role_in_book
    on id = role_id
    where name = role2_p;

if (count1 > count2)
	then return 1;
elseif(count1 = count2)
	then return 0;
else
	 return -1;
end if;

end ;;
DELIMITER ;
/*!50003 SET sql_mode              = @saved_sql_mode */ ;
/*!50003 SET character_set_client  = @saved_cs_client */ ;
/*!50003 SET character_set_results = @saved_cs_results */ ;
/*!50003 SET collation_connection  = @saved_col_connection */ ;
/*!50003 DROP FUNCTION IF EXISTS `num_spells_with_type` */;
/*!50003 SET @saved_cs_client      = @@character_set_client */ ;
/*!50003 SET @saved_cs_results     = @@character_set_results */ ;
/*!50003 SET @saved_col_connection = @@collation_connection */ ;
/*!50003 SET character_set_client  = utf8mb4 */ ;
/*!50003 SET character_set_results = utf8mb4 */ ;
/*!50003 SET collation_connection  = utf8mb4_0900_ai_ci */ ;
/*!50003 SET @saved_sql_mode       = @@sql_mode */ ;
/*!50003 SET sql_mode              = 'ONLY_FULL_GROUP_BY,STRICT_TRANS_TABLES,NO_ZERO_IN_DATE,NO_ZERO_DATE,ERROR_FOR_DIVISION_BY_ZERO,NO_ENGINE_SUBSTITUTION' */ ;
DELIMITER ;;
CREATE DEFINER=`root`@`localhost` FUNCTION `num_spells_with_type`(spell_type_p VARCHAR(64)) RETURNS int
    READS SQL DATA
    DETERMINISTIC
BEGIN
    DECLARE spell_num INT DEFAULT 0;
    
    SELECT COUNT(id) into spell_num 
		from spell 
        where spell_type = spell_type_p;
	
    return (spell_num);
    end ;;
DELIMITER ;
/*!50003 SET sql_mode              = @saved_sql_mode */ ;
/*!50003 SET character_set_client  = @saved_cs_client */ ;
/*!50003 SET character_set_results = @saved_cs_results */ ;
/*!50003 SET collation_connection  = @saved_col_connection */ ;
/*!50003 DROP PROCEDURE IF EXISTS `get_house_affiliation` */;
/*!50003 SET @saved_cs_client      = @@character_set_client */ ;
/*!50003 SET @saved_cs_results     = @@character_set_results */ ;
/*!50003 SET @saved_col_connection = @@collation_connection */ ;
/*!50003 SET character_set_client  = utf8mb4 */ ;
/*!50003 SET character_set_results = utf8mb4 */ ;
/*!50003 SET collation_connection  = utf8mb4_0900_ai_ci */ ;
/*!50003 SET @saved_sql_mode       = @@sql_mode */ ;
/*!50003 SET sql_mode              = 'ONLY_FULL_GROUP_BY,STRICT_TRANS_TABLES,NO_ZERO_IN_DATE,NO_ZERO_DATE,ERROR_FOR_DIVISION_BY_ZERO,NO_ENGINE_SUBSTITUTION' */ ;
DELIMITER ;;
CREATE DEFINER=`root`@`localhost` PROCEDURE `get_house_affiliation`(house_name_p varchar(64))
BEGIN

IF house_name_p NOT IN ('Gryffindor', 'Ravenclaw', 'Hufflepuff', 'Slytherin') 
or house_name_p is null
THEN SIGNAL SQLSTATE '45000'
        SET MESSAGE_TEXT = 'unknown house name';
END IF;

SELECT id, r.name, gender, eye_color, hair_color,
	CASE WHEN r.house = house_name_p THEN 'Definitely'
		WHEN r.house LIKE '%likely%' THEN 'Highly likely'
		ELSE 'Possibly'
        END AS confidence_level
	FROM role_trimmed AS r
	INNER JOIN hogwart_house AS h
    ON house = h.name
    WHERE house LIKE CONCAT('%', house_name_p, '%');
END ;;
DELIMITER ;
/*!50003 SET sql_mode              = @saved_sql_mode */ ;
/*!50003 SET character_set_client  = @saved_cs_client */ ;
/*!50003 SET character_set_results = @saved_cs_results */ ;
/*!50003 SET collation_connection  = @saved_col_connection */ ;
/*!50003 DROP PROCEDURE IF EXISTS `get_role_in_book` */;
/*!50003 SET @saved_cs_client      = @@character_set_client */ ;
/*!50003 SET @saved_cs_results     = @@character_set_results */ ;
/*!50003 SET @saved_col_connection = @@collation_connection */ ;
/*!50003 SET character_set_client  = utf8mb4 */ ;
/*!50003 SET character_set_results = utf8mb4 */ ;
/*!50003 SET collation_connection  = utf8mb4_0900_ai_ci */ ;
/*!50003 SET @saved_sql_mode       = @@sql_mode */ ;
/*!50003 SET sql_mode              = 'ONLY_FULL_GROUP_BY,STRICT_TRANS_TABLES,NO_ZERO_IN_DATE,NO_ZERO_DATE,ERROR_FOR_DIVISION_BY_ZERO,NO_ENGINE_SUBSTITUTION' */ ;
DELIMITER ;;
CREATE DEFINER=`root`@`localhost` PROCEDURE `get_role_in_book`(book_number_p int)
BEGIN
select title, name as character_name from book 
	inner join role_in_book 
    on book_number = book_id
    inner join role_trimmed
    on role_id = id
    where book_number = book_number_p
    order by character_name;
END ;;
DELIMITER ;
/*!50003 SET sql_mode              = @saved_sql_mode */ ;
/*!50003 SET character_set_client  = @saved_cs_client */ ;
/*!50003 SET character_set_results = @saved_cs_results */ ;
/*!50003 SET collation_connection  = @saved_col_connection */ ;
/*!50003 DROP PROCEDURE IF EXISTS `get_spell_instance_details` */;
/*!50003 SET @saved_cs_client      = @@character_set_client */ ;
/*!50003 SET @saved_cs_results     = @@character_set_results */ ;
/*!50003 SET @saved_col_connection = @@collation_connection */ ;
/*!50003 SET character_set_client  = utf8mb4 */ ;
/*!50003 SET character_set_results = utf8mb4 */ ;
/*!50003 SET collation_connection  = utf8mb4_0900_ai_ci */ ;
/*!50003 SET @saved_sql_mode       = @@sql_mode */ ;
/*!50003 SET sql_mode              = 'ONLY_FULL_GROUP_BY,STRICT_TRANS_TABLES,NO_ZERO_IN_DATE,NO_ZERO_DATE,ERROR_FOR_DIVISION_BY_ZERO,NO_ENGINE_SUBSTITUTION' */ ;
DELIMITER ;;
CREATE DEFINER=`root`@`localhost` PROCEDURE `get_spell_instance_details`(spell_name_p varchar(64))
BEGIN
select r.id, r.name as role_name, s.name as spell_name, spell_type, title as book_title
	from spell as s
    inner join role_to_spell as rts
    on s.id = spell_id
    inner join role_trimmed as r
    on rts.role_id = r.id
    inner join role_in_book as rib
    on r.id = rib.role_id
    inner join book
    on book_number = rib.book_id
    where s.name = spell_name_p
    order by r.name, s.name;
END ;;
DELIMITER ;
/*!50003 SET sql_mode              = @saved_sql_mode */ ;
/*!50003 SET character_set_client  = @saved_cs_client */ ;
/*!50003 SET character_set_results = @saved_cs_results */ ;
/*!50003 SET collation_connection  = @saved_col_connection */ ;
/*!50003 DROP PROCEDURE IF EXISTS `set_num_spell_count` */;
/*!50003 SET @saved_cs_client      = @@character_set_client */ ;
/*!50003 SET @saved_cs_results     = @@character_set_results */ ;
/*!50003 SET @saved_col_connection = @@collation_connection */ ;
/*!50003 SET character_set_client  = utf8mb4 */ ;
/*!50003 SET character_set_results = utf8mb4 */ ;
/*!50003 SET collation_connection  = utf8mb4_0900_ai_ci */ ;
/*!50003 SET @saved_sql_mode       = @@sql_mode */ ;
/*!50003 SET sql_mode              = 'ONLY_FULL_GROUP_BY,STRICT_TRANS_TABLES,NO_ZERO_IN_DATE,NO_ZERO_DATE,ERROR_FOR_DIVISION_BY_ZERO,NO_ENGINE_SUBSTITUTION' */ ;
DELIMITER ;;
CREATE DEFINER=`root`@`localhost` PROCEDURE `set_num_spell_count`(role_p VARCHAR(64))
BEGIN
DECLARE spell_count int;

if (role_p) not in (select name from role_trimmed)
or role_p is null
	then SIGNAL SQLSTATE '45000'
        SET MESSAGE_TEXT = 'unknown role name';
END IF;

SELECT COUNT(spell_id) into spell_count FROM role_trimmed AS r
	left join role_to_spell as rts
    on r.id = rts.role_id
    where name = role_p;
    
update role_trimmed
	set num_spells = spell_count
    where name = role_p;
    
END ;;
DELIMITER ;
/*!50003 SET sql_mode              = @saved_sql_mode */ ;
/*!50003 SET character_set_client  = @saved_cs_client */ ;
/*!50003 SET character_set_results = @saved_cs_results */ ;
/*!50003 SET collation_connection  = @saved_col_connection */ ;
/*!50003 DROP PROCEDURE IF EXISTS `spell_has_type` */;
/*!50003 SET @saved_cs_client      = @@character_set_client */ ;
/*!50003 SET @saved_cs_results     = @@character_set_results */ ;
/*!50003 SET @saved_col_connection = @@collation_connection */ ;
/*!50003 SET character_set_client  = utf8mb4 */ ;
/*!50003 SET character_set_results = utf8mb4 */ ;
/*!50003 SET collation_connection  = utf8mb4_0900_ai_ci */ ;
/*!50003 SET @saved_sql_mode       = @@sql_mode */ ;
/*!50003 SET sql_mode              = 'ONLY_FULL_GROUP_BY,STRICT_TRANS_TABLES,NO_ZERO_IN_DATE,NO_ZERO_DATE,ERROR_FOR_DIVISION_BY_ZERO,NO_ENGINE_SUBSTITUTION' */ ;
DELIMITER ;;
CREATE DEFINER=`root`@`localhost` PROCEDURE `spell_has_type`(type_p varchar(64))
begin
	if type_p not in (select type_name from spell_type)
    or type_p is null
		then signal sqlstate '45000'
			set message_text = 'unknown type';
	end if;
    
    select id, name, alias from spell
		where spell_type = type_p;
end ;;
DELIMITER ;
/*!50003 SET sql_mode              = @saved_sql_mode */ ;
/*!50003 SET character_set_client  = @saved_cs_client */ ;
/*!50003 SET character_set_results = @saved_cs_results */ ;
/*!50003 SET collation_connection  = @saved_col_connection */ ;
/*!50003 DROP PROCEDURE IF EXISTS `update_all_roles_num_spells` */;
/*!50003 SET @saved_cs_client      = @@character_set_client */ ;
/*!50003 SET @saved_cs_results     = @@character_set_results */ ;
/*!50003 SET @saved_col_connection = @@collation_connection */ ;
/*!50003 SET character_set_client  = utf8mb4 */ ;
/*!50003 SET character_set_results = utf8mb4 */ ;
/*!50003 SET collation_connection  = utf8mb4_0900_ai_ci */ ;
/*!50003 SET @saved_sql_mode       = @@sql_mode */ ;
/*!50003 SET sql_mode              = 'ONLY_FULL_GROUP_BY,STRICT_TRANS_TABLES,NO_ZERO_IN_DATE,NO_ZERO_DATE,ERROR_FOR_DIVISION_BY_ZERO,NO_ENGINE_SUBSTITUTION' */ ;
DELIMITER ;;
CREATE DEFINER=`root`@`localhost` PROCEDURE `update_all_roles_num_spells`()
BEGIN
declare role_name_p varchar(64);
declare row_not_found BOOL DEFAULT FALSE;

DECLARE role_cursor cursor for 
	select name from role_trimmed;
DECLARE CONTINUE HANDLER FOR NOT FOUND 
   SET row_not_found = TRUE; 

open role_cursor;
role_loop: LOOP
	fetch role_cursor into role_name_p;
	if row_not_found then
		leave role_loop;
	end if;
    call set_num_spell_count(role_name_p);
end loop;
close role_cursor;

END ;;
DELIMITER ;
/*!50003 SET sql_mode              = @saved_sql_mode */ ;
/*!50003 SET character_set_client  = @saved_cs_client */ ;
/*!50003 SET character_set_results = @saved_cs_results */ ;
/*!50003 SET collation_connection  = @saved_col_connection */ ;
/*!40103 SET TIME_ZONE=@OLD_TIME_ZONE */;

/*!40101 SET SQL_MODE=@OLD_SQL_MODE */;
/*!40014 SET FOREIGN_KEY_CHECKS=@OLD_FOREIGN_KEY_CHECKS */;
/*!40014 SET UNIQUE_CHECKS=@OLD_UNIQUE_CHECKS */;
/*!40101 SET CHARACTER_SET_CLIENT=@OLD_CHARACTER_SET_CLIENT */;
/*!40101 SET CHARACTER_SET_RESULTS=@OLD_CHARACTER_SET_RESULTS */;
/*!40101 SET COLLATION_CONNECTION=@OLD_COLLATION_CONNECTION */;
/*!40111 SET SQL_NOTES=@OLD_SQL_NOTES */;

-- Dump completed on 2025-11-11 16:41:01
